Cafe_Name,Place_Id,Cafe_Coordinates,Vicinity,Cafe_Types,Borough_Coordinates
Take a Break,ChIJP5iSZRul2EcRuLlMBSZy-JY,"51.55102600000001, 0.1547964","244 Oxlow Lane, Dagenham","['cafe', 'food', 'point_of_interest', 'establishment']","51.5607, 0.1557"
Asda Dagenham Superstore,ChIJdwGW-HOl2EcRkRKhL91oI_s,"51.5301912, 0.1422174","Merrielands Crescent, Dagenham","['supermarket', 'gas_station', 'atm', 'pharmacy', 'cafe', 'grocery_or_supermarket', 'finance', 'clothing_store', 'food', 'health', 'point_of_interest', 'store', 'establishment']","51.5607, 0.1557"
Becontree Heath Leisure Centre,ChIJfRvpP_yk2EcRMHJ8P6PE448,"51.5609465, 0.1488995","Althorne Way, Dagenham","['gym', 'cafe', 'school', 'food', 'health', 'point_of_interest', 'establishment']","51.5607, 0.1557"
Harrow Lodge Leisure Centre,ChIJbz00eCW72EcRv-wkpDkmsGQ,"51.5613365, 0.207073","Hornchurch Road, Hornchurch","['cafe', 'gym', 'school', 'general_contractor', 'food', 'health', 'point_of_interest', 'establishment']","51.5607, 0.1557"
Eastbrook Cafe & Restuarant,ChIJmSZw6z2l2EcRpS8prTdOqic,"51.5508213, 0.1614183","264 Rainham Road South, Dagenham","['restaurant', 'meal_delivery', 'meal_takeaway', 'cafe', 'food', 'point_of_interest', 'establishment']","51.5607, 0.1557"
FIDDLERS CAFE,ChIJnSemhv6k2EcR9ybePKhA6Es,"51.5603893, 0.1472634","686 Becontree Avenue, Dagenham","['cafe', 'food', 'point_of_interest', 'establishment']","51.5607, 0.1557"
bb's coffee & muffins,ChIJw0exmLWk2EcRxHSOqVLdhDo,"51.5793087, 0.185747","25-26 The Mercury Shopping Centre, Romford","['cafe', 'food', 'point_of_interest', 'store', 'establishment']","51.5607, 0.1557"
The Park Cafe,ChIJmxBxcL2k2EcRBPbuxzhEjbs,"51.5845796, 0.1679879","King Georges Playing Fields Car Park, Eastern Avenue West, Romford","['cafe', 'food', 'point_of_interest', 'establishment']","51.5607, 0.1557"
Shell,ChIJI_k0xwGl2EcRAuS_d1XUIm4,"51.560415, 0.1483637","Wood Lane, Dagenham","['gas_station', 'car_wash', 'convenience_store', 'meal_delivery', 'cafe', 'restaurant', 'food', 'point_of_interest', 'store', 'establishment']","51.5607, 0.1557"
Morrisons Cafe,ChIJHcUMy_2k2EcRi08StUy8GOQ,"51.560107, 0.148194","Beacontree Heath, Dagenham","['cafe', 'food', 'point_of_interest', 'establishment']","51.5607, 0.1557"
bp,ChIJJ9Aiktqk2EcRkkktIFPy7Ng,"51.5657886, 0.1769919","Rush Green Road, Romford","['gas_station', 'atm', 'cafe', 'finance', 'restaurant', 'food', 'point_of_interest', 'establishment']","51.5607, 0.1557"
Costa Coffee,ChIJVaUoVD2l2EcR5i7ZiZxIamI,"51.54631500000001, 0.167304","East Business And Technical Park, Drive Thru, Drive Thru, Unit 1C, London, Yew Tree Avenue, Dagenham","['cafe', 'food', 'point_of_interest', 'store', 'establishment']","51.5607, 0.1557"
Mel's Cafe,ChIJDbURO8yk2EcRXuerEHrAuxw,"51.57008980000001, 0.1839485","Unit C8, Seedbed Centre, Essex","['cafe', 'food', 'point_of_interest', 'establishment']","51.5607, 0.1557"
Patisserie Valerie - Romford,ChIJ5zHF98ik2EcRIHy8nGLOzRc,"51.57655380000001, 0.179876","Pod 3 The Brewery, Waterloo Road, Romford","['bakery', 'cafe', 'restaurant', 'food', 'point_of_interest', 'store', 'establishment']","51.5607, 0.1557"
Costa Coffee,ChIJ3ZZSM8ik2EcRb_mKxIpJ1Gc,"51.577044, 0.179623","Unit 1 The Brewery, Romford","['cafe', 'food', 'point_of_interest', 'store', 'establishment']","51.5607, 0.1557"
Cafe Chateau,ChIJ6d55Nbak2EcRHzo7VFfrkmI,"51.5788527, 0.1796929","7-9 North Street, Romford","['cafe', 'food', 'point_of_interest', 'establishment']","51.5607, 0.1557"
Café Shot,ChIJWZiKoumk2EcR6oiARs03Iis,"51.57203699999999, 0.1907102","78 Brentwood Road, Romford","['cafe', 'food', 'point_of_interest', 'store', 'establishment']","51.5607, 0.1557"
Costa Coffee,ChIJ95BU_kek2EcRjE6XVfHFYXw,"51.5677842, 0.117121","Unit 2A, Goodmayes Retail Park, High Road, Romford","['cafe', 'food', 'point_of_interest', 'store', 'establishment']","51.5607, 0.1557"
Tea Pot Cafe Romford,ChIJ9cyXebak2EcRJeRja8SMOa0,"51.57987490000001, 0.1822641","43A Market Place, Romford","['cafe', 'food', 'point_of_interest', 'establishment']","51.5607, 0.1557"
Caffe Della Continental,ChIJc_JIoLWk2EcR58mbBv-WHrM,"51.57929710000001, 0.1852055","unit 36&37, Mercury Shopping Centre, Mercury Gardens, Romford","['cafe', 'restaurant', 'food', 'point_of_interest', 'store', 'establishment']","51.5607, 0.1557"
bp,ChIJTYFDde8ZdkgR9KCXadpVz18,"51.6008685, -0.1750689","407 High Road, London","['gas_station', 'atm', 'convenience_store', 'cafe', 'finance', 'point_of_interest', 'food', 'store', 'establishment']","51.6252, -0.1517"
artsdepot,ChIJB_gqY-8ZdkgRU6aKu6Fdqfk,"51.61297440000001, -0.1768618","5 Nether Street, London","['art_gallery', 'cafe', 'point_of_interest', 'food', 'establishment']","51.6252, -0.1517"
"New River Sport, Tennis & Fitness",ChIJ_els_lMZdkgRSSLrKRSAxxY,"51.6046932, -0.09984350000000003","White Hart Lane, London","['cafe', 'bar', 'gym', 'health', 'point_of_interest', 'food', 'establishment']","51.6252, -0.1517"
Sable D'Or,ChIJe8io5ywadkgRuYAsxazLI88,"51.5916559, -0.1430828","249 Muswell Hill Broadway, London","['cafe', 'point_of_interest', 'food', 'store', 'establishment']","51.6252, -0.1517"
Costa Coffee,ChIJ4Y0CjM8ZdkgR-S2eowdOLWE,"51.6309277, -0.1753933","1287 High Road, London","['cafe', 'point_of_interest', 'food', 'store', 'establishment']","51.6252, -0.1517"
Costa Coffee,ChIJacjKtiIadkgRfU5V88DMpew,"51.58895769999999, -0.1637612","62-64 High Road, London","['cafe', 'point_of_interest', 'food', 'store', 'establishment']","51.6252, -0.1517"
Costa Coffee,ChIJOUm63iwadkgRwG_lEUctXlo,"51.5914856, -0.1424424","376 Muswell Hill Broadway, London","['cafe', 'point_of_interest', 'food', 'store', 'establishment']","51.6252, -0.1517"
Costa Coffee,ChIJH_fo_o4ZdkgRHJ1nb4BaGOQ,"51.607269, -0.157001","Coppetts Centre, North Circular Road, London","['cafe', 'point_of_interest', 'food', 'store', 'establishment']","51.6252, -0.1517"
Oak Caffe,ChIJwauucMUZdkgRz414hwIbOfs,"51.6299675, -0.174411","1 Oakleigh Road North, London","['cafe', 'restaurant', 'point_of_interest', 'food', 'store', 'establishment']","51.6252, -0.1517"
Cafe Brunello's,ChIJl8UkZS0ZdkgRWpC9V9_jxyQ,"51.6311784, -0.0963743","729 Green Lanes, London","['cafe', 'point_of_interest', 'food', 'establishment']","51.6252, -0.1517"
Aroma Patisserie,ChIJlY7w3UQZdkgRaE1gxX-VUIA,"51.62220569999999, -0.1050254","424-426 Green Lanes, London","['bakery', 'cafe', 'point_of_interest', 'food', 'store', 'establishment']","51.6252, -0.1517"
Sunshine Garden Cafe,ChIJo4ajzTAYdkgRn_gi8BQlMFM,"51.64990269999999, -0.171376","41 East Barnet Road, Barnet","['cafe', 'restaurant', 'point_of_interest', 'food', 'establishment']","51.6252, -0.1517"
Vero Caffe,ChIJBRutLV8XdkgRnRZvEHzi_H0,"51.61498559999999, -0.1909997","16 Sussex Ring, London","['cafe', 'point_of_interest', 'food', 'establishment']","51.6252, -0.1517"
Em's Coffee,ChIJ04O-vs8ZdkgRXhviichG68M,"51.6322231, -0.1752574","1336 High Road, London","['cafe', 'restaurant', 'point_of_interest', 'food', 'store', 'establishment']","51.6252, -0.1517"
Xpress Coffee,ChIJWzl2D8sZdkgRn6OTL_F81hg,"51.6377146, -0.1663405","Oakliegh Park Station,Platform, 1 Netherlands Road, Barnet","['cafe', 'point_of_interest', 'food', 'store', 'establishment']","51.6252, -0.1517"
My Time Delicatessen,ChIJY8nh7UcZdkgRGG-KBAMnM1w,"51.6194532, -0.1073493","375 Green Lanes, London","['cafe', 'restaurant', 'point_of_interest', 'food', 'store', 'establishment']","51.6252, -0.1517"
Cibo Bar Cafeteria,ChIJaakfbBQZdkgRWdTh_OG_GT8,"51.6237631, -0.1227088","28 Cannon Hill, London","['cafe', 'point_of_interest', 'food', 'establishment']","51.6252, -0.1517"
The Cookie,ChIJTy0AbfsYdkgRAuDOqHjfIdw,"51.6474255, -0.1321265","123 Bramley Road, London","['cafe', 'restaurant', 'point_of_interest', 'food', 'establishment']","51.6252, -0.1517"
Pots of Art,ChIJKRW7ubgZdkgRkVY2INArxxo,"51.6261468, -0.163929","Tudor Grove, Church Crescent, London","['cafe', 'point_of_interest', 'food', 'establishment']","51.6252, -0.1517"
Oak Hill Park Cafe,ChIJq2c410oYdkgREmElQfJjAmo,"51.63460560000001, -0.1526013","Oak Hill Park Cafe, Parkside Gardens, Barnet","['cafe', 'meal_takeaway', 'restaurant', 'point_of_interest', 'food', 'establishment']","51.6252, -0.1517"
bp,ChIJDSRYM7Wv2EcR_XRCsanQQLo,"51.47278499999999, 0.1625922","295-313 Bexley Road, Erith","['gas_station', 'atm', 'car_wash', 'cafe', 'finance', 'food', 'point_of_interest', 'establishment']","51.4549, 0.1505"
Costa Coffee,ChIJNfJno16u2EcRJjvruvEL094,"51.45598, 0.145861","Broadway Shopping Centre, Central Square, Bexleyheath","['cafe', 'store', 'food', 'point_of_interest', 'establishment']","51.4549, 0.1505"
Asda Living Dartford,ChIJ9RXQG5Sx2EcRWTG7YWpWpYc,"51.44789999999999, 0.21552","Unit 4, Prospect Place, Dartford","['home_goods_store', 'cafe', 'clothing_store', 'store', 'food', 'point_of_interest', 'establishment']","51.4549, 0.1505"
Village Cafe,ChIJkwDoLWWu2EcR7ajmLxyDRzQ,"51.44163959999999, 0.1500741","70 Bexley High Street, Bexley","['cafe', 'food', 'point_of_interest', 'establishment']","51.4549, 0.1505"
Munchies,ChIJ6-KsMLWv2EcRGwmnwCigq8w,"51.4735257, 0.162357","228 Bexley Road, Erith","['cafe', 'store', 'food', 'point_of_interest', 'establishment']","51.4549, 0.1505"
Kenny's Cafe,ChIJ-9mlxyKu2EcRVHxnICHG6GI,"51.453291, 0.176789","74 Crayford High Street, Dartford","['cafe', 'food', 'point_of_interest', 'establishment']","51.4549, 0.1505"
Koffi Pot,ChIJ04VP1dqu2EcRajwudSrobUY,"51.46250209999999, 0.108359","107 Welling High Street, Welling","['cafe', 'food', 'point_of_interest', 'establishment']","51.4549, 0.1505"
Mooboo Bexleyheath,ChIJ69rfpV6u2EcReSrHDYdB3rI,"51.4555653, 0.1474154","11, The Mall, Broadway Shopping Centre, Bexleyheath","['cafe', 'food', 'point_of_interest', 'establishment']","51.4549, 0.1505"
Caffè Nero,ChIJFaDu0F6u2EcRDnSTuG_K3VQ,"51.4565659, 0.1441646","115 Broadway, Bexleyheath","['cafe', 'store', 'food', 'point_of_interest', 'establishment']","51.4549, 0.1505"
Creams Cafe Bexleyheath,ChIJO6w2Sl-u2EcRL44zoSzYINc,"51.4568521, 0.1420772","143 Broadway, Bexleyheath","['bakery', 'meal_takeaway', 'cafe', 'store', 'restaurant', 'food', 'point_of_interest', 'establishment']","51.4549, 0.1505"
Chinchins - Cafe Restaurant Bar,ChIJb8EVVV-u2EcRPOfev6EhciU,"51.4570398, 0.1407846","171 Broadway, London, Bexleyheath","['cafe', 'bar', 'restaurant', 'food', 'point_of_interest', 'establishment']","51.4549, 0.1505"
Vintage Lindy Lou,ChIJzfaBhiKu2EcRkkbChv7B4iU,"51.45218149999999, 0.1791639","The Willows, Waterside, Dartford","['cafe', 'food', 'point_of_interest', 'establishment']","51.4549, 0.1505"
Costa Coffee,ChIJ__f-Uh-u2EcR-WcZuuKGAFE,"51.45104199999999, 0.180797","Unit 3, Next, TOWER RETAIL PARK, Crayford Road, Dartford","['cafe', 'store', 'food', 'point_of_interest', 'establishment']","51.4549, 0.1505"
Shell,ChIJFxTEAr6u2EcRXddnz0-kNG0,"51.44774869999999, 0.1167906","510 Blackfen Road, Sidcup","['gas_station', 'convenience_store', 'car_wash', 'meal_delivery', 'cafe', 'store', 'food', 'point_of_interest', 'establishment']","51.4549, 0.1505"
Luso Flavour Cafe & Deli,ChIJKXGZMMOu2EcRgfM51IDaxlg,"51.4618917, 0.1132583","9 Welling High Street, Welling","['cafe', 'food', 'point_of_interest', 'establishment']","51.4549, 0.1505"
Costa Coffee,ChIJ3aoEt8Su2EcRaZU3vcOdrO0,"51.46199, 0.11016","28, Embassy Court, Welling","['cafe', 'store', 'food', 'point_of_interest', 'establishment']","51.4549, 0.1505"
Cafe Deluxe,ChIJoxv-tdqu2EcRAzVx5TEg1tU,"51.4627016, 0.107036","6 Bellegrove Road, Welling","['cafe', 'food', 'point_of_interest', 'establishment']","51.4549, 0.1505"
Costa Coffee,ChIJb90Tubeu2EcRYIMvHOeDJdc,"51.4503902, 0.1034904","19 Blackfen Road, Sidcup","['cafe', 'store', 'food', 'point_of_interest', 'establishment']","51.4549, 0.1505"
Costa Coffee,ChIJSW9qE7iv2EcR0P5LDTdT3EM,"51.480319, 0.1805111","Unit 6, Riverside Shopping Centre, 21A Town Square, Erith","['cafe', 'store', 'food', 'point_of_interest', 'establishment']","51.4549, 0.1505"
Cafe Concerto Ltd,ChIJG4Fz7qiu2EcRMJg2HFHaJKI,"51.433904, 0.104067","Sidcup Railway Station, Sidcup","['cafe', 'food', 'point_of_interest', 'establishment']","51.4549, 0.1505"
Ace Cafe London,ChIJP1sJ24sRdkgRub025F6UBxU,"51.5413119, -0.277825","Ace Corner, North Circular Road, London","['cafe', 'restaurant', 'food', 'point_of_interest', 'establishment']","51.5588, -0.2817"
Abbey Point Hotel,ChIJvdO_R_MRdkgRztxcqEwrrtQ,"51.5349659, -0.2754636","300-302 Twyford Abbey Road, London","['cafe', 'lodging', 'food', 'point_of_interest', 'establishment']","51.5588, -0.2817"
Asda Park Royal Superstore,ChIJb_iYL-4RdkgRfILoKI4ebYM,"51.52781, -0.2698899999999999","2-20 Western Road, London","['supermarket', 'atm', 'gas_station', 'cafe', 'pharmacy', 'clothing_store', 'grocery_or_supermarket', 'finance', 'food', 'store', 'health', 'point_of_interest', 'establishment']","51.5588, -0.2817"
Asda Wembley Superstore,ChIJRRYSm3oRdkgRS-5hMF5b8Ew,"51.56479119999999, -0.2755593","Forty Lane, Wembley","['supermarket', 'atm', 'gas_station', 'cafe', 'pharmacy', 'clothing_store', 'grocery_or_supermarket', 'finance', 'food', 'store', 'health', 'point_of_interest', 'establishment']","51.5588, -0.2817"
Caffè Nero,ChIJBWXObnQTdkgRsYxXc4yemBQ,"51.5811242, -0.3352072","27 St Anns Road, Harrow","['cafe', 'food', 'store', 'point_of_interest', 'establishment']","51.5588, -0.2817"
Patisserie Patchi,ChIJg4wor8IRdkgRgAwqnD6Ri8g,"51.5326775, -0.2750395","28 Abbey Road, London","['bakery', 'cafe', 'restaurant', 'food', 'store', 'point_of_interest', 'establishment']","51.5588, -0.2817"
Amouage Lounge,ChIJmQH8mWAQdkgRJ0HPM_T9Q6E,"51.5532854, -0.2110543","32-34 Cricklewood Broadway, London","['cafe', 'bakery', 'night_club', 'bar', 'food', 'store', 'point_of_interest', 'establishment']","51.5588, -0.2817"
New Atlas Cafe,ChIJ8W0wI7kRdkgRW6-1ys1qqyk,"51.53942640000001, -0.2527655999999999","New, Atlas Cafe, 69-71 Craven Park Road, London","['cafe', 'restaurant', 'food', 'point_of_interest', 'establishment']","51.5588, -0.2817"
Norman’s Cafe,ChIJpx1MM0ERdkgRcu4svZ7f78Q,"51.5830734, -0.2633904","263 Hool Close, London","['cafe', 'food', 'point_of_interest', 'establishment']","51.5588, -0.2817"
Workmans Cafe London,ChIJnXFthq4RdkgRl3ZrMaca4iM,"51.5492159, -0.2421223","368 High Road, London","['cafe', 'food', 'point_of_interest', 'establishment']","51.5588, -0.2817"
Starbucks Coffee,ChIJ9zXBzn8RdkgRY_Q5iQzWOVo,"51.5587657, -0.2819752","Engineers Way, Wembley","['cafe', 'restaurant', 'food', 'store', 'point_of_interest', 'establishment']","51.5588, -0.2817"
Treatz Dessert Parlour Wembley,ChIJEW0d_H8RdkgR5DV-jXPeitQ,"51.557095, -0.2826485","Designer Outlet, Unit 5a London, Wembley Park Boulevard, Wembley","['bakery', 'cafe', 'restaurant', 'food', 'store', 'point_of_interest', 'establishment']","51.5588, -0.2817"
Chaboba,ChIJS2ixB4ARdkgRU_EEtQRK1fc,"51.5574209, -0.2842227000000001","20 Wembley Park Boulevard, London","['cafe', 'food', 'point_of_interest', 'establishment']","51.5588, -0.2817"
Costa Coffee,ChIJ-aPOTu8TdkgRRsfsbQRa5GQ,"51.55669, -0.28339","Unit 49, London Designer Outlet, Wembley Park Boulevard, Wembley","['cafe', 'food', 'store', 'point_of_interest', 'establishment']","51.5588, -0.2817"
Costa Coffee,ChIJJdEFiX4RdkgRisKEG44Brw8,"51.561082, -0.2791689999999999","7 Olympic Way, Wembley, London","['cafe', 'food', 'store', 'point_of_interest', 'establishment']","51.5588, -0.2817"
Costa Coffee,ChIJz-xQYnwRdkgRcflYuM4YWR8,"51.564592, -0.277879","19 Bridge Road, Wembley Park, Wembley","['cafe', 'food', 'store', 'point_of_interest', 'establishment']","51.5588, -0.2817"
CerbulRomanesc.uk,ChIJZzOoViwSdkgRwI0UQatC9sc,"51.5537699, -0.2912632","414 High Road, Wembley","['cafe', 'restaurant', 'food', 'point_of_interest', 'establishment']","51.5588, -0.2817"
Creams Cafe Wembley,ChIJcaIBFDISdkgRwpmRMqfir3g,"51.55224049999999, -0.2965288","Central Shopping Centre, 455 High Road, Wembley","['bakery', 'cafe', 'meal_takeaway', 'restaurant', 'food', 'store', 'point_of_interest', 'establishment']","51.5588, -0.2817"
Wild Bean Cafe,ChIJncfnq3MRdkgROyzxU5tCxWM,"51.5650114, -0.2644175","2 Blackbird Hill, Wembley","['cafe', 'convenience_store', 'food', 'store', 'point_of_interest', 'establishment']","51.5588, -0.2817"
bp,ChIJ8_I5MnIRdkgRCzzpYBTsnaM,"51.56491, -0.26427","2 Blackbird Hill, Wembley","['gas_station', 'atm', 'convenience_store', 'cafe', 'car_wash', 'finance', 'food', 'store', 'point_of_interest', 'establishment']","51.5588, -0.2817"
Costa Coffee,ChIJET4kMWyq2EcRe-MuXqNyeaA,"51.405825, 0.015281","33-34 Market Square, Bromley","['cafe', 'store', 'food', 'point_of_interest', 'establishment']","51.4039, 0.0198"
Costa Coffee,ChIJ4cJqjr4BdkgRzVNA5O4EB8A,"51.40685, -0.0282","194-202 High Street, Beckenham","['cafe', 'store', 'food', 'point_of_interest', 'establishment']","51.4039, 0.0198"
Caffè Nero,ChIJ6QmB98Kr2EcRQcXkoK5_uVo,"51.4179858, 0.0679893","12 High Street, Chislehurst","['cafe', 'store', 'food', 'point_of_interest', 'establishment']","51.4039, 0.0198"
Costa Coffee,ChIJMxXjgpqq2EcR1csDbb6Sxks,"51.376243, 0.011273","51 Station Approach, Hayes, Bromley","['cafe', 'store', 'food', 'point_of_interest', 'establishment']","51.4039, 0.0198"
Costa Coffee,ChIJo82pu26q2EcRHSaUKj5E8qg,"51.4037, 0.016433","Unit 28, The Glades Shopping Centre, Bromley","['cafe', 'store', 'food', 'point_of_interest', 'establishment']","51.4039, 0.0198"
Krispy Kreme Bromley,ChIJo82pu26q2EcR32KCcRr0WJQ,"51.40510380000001, 0.0164632","Kiosk 98 The Glades Shopping Centre, Bromley","['bakery', 'cafe', 'store', 'restaurant', 'food', 'point_of_interest', 'establishment']","51.4039, 0.0198"
Rendezvous Caffe,ChIJ1R_1ub8BdkgRgOoP_wAKkjE,"51.4080039, -0.0255196","94 High Street, Beckenham","['cafe', 'store', 'restaurant', 'food', 'point_of_interest', 'establishment']","51.4039, 0.0198"
Cafe Giardino - Bromley,ChIJ77GFz26q2EcRn5_Ntm6w0kE,"51.4043845, 0.0168914","High Street, Bromley","['cafe', 'restaurant', 'food', 'point_of_interest', 'establishment']","51.4039, 0.0198"
Creams Cafe Bromley,ChIJ0Rtp3G6q2EcRVbMX16QCIWs,"51.4025676, 0.0164888","12 Elmfield Road, Bromley","['meal_takeaway', 'bakery', 'cafe', 'store', 'restaurant', 'food', 'point_of_interest', 'establishment']","51.4039, 0.0198"
Caffè Nero,ChIJ34AlmW6q2EcRe1oqMkqZ770,"51.4027547, 0.0156025","The Glades Shopping Centre, High Street, Bromley","['cafe', 'store', 'food', 'point_of_interest', 'establishment']","51.4039, 0.0198"
Unico Gelato & Caffé,ChIJ80IP4W6q2EcRH9ykXgBVY6Y,"51.40229420000001, 0.0158968","75 High Street, Bromley","['bakery', 'cafe', 'store', 'restaurant', 'food', 'point_of_interest', 'establishment']","51.4039, 0.0198"
Pret a Manger,ChIJ06eD9zSr2EcRJAXbCwF6Ots,"51.4028644, 0.0150561","86 High Street, Bromley","['bakery', 'cafe', 'bar', 'store', 'restaurant', 'food', 'point_of_interest', 'establishment']","51.4039, 0.0198"
Stonehenge Cafe,ChIJ62Wp022q2EcRWp_cwGeEByA,"51.4053949, 0.0149449","161 High Street, Bromley","['cafe', 'store', 'food', 'point_of_interest', 'establishment']","51.4039, 0.0198"
Caffè Nero,ChIJPwEFUG-q2EcRJxK_c83Bfqg,"51.4000539, 0.0168009","12-14 High Street, Bromley","['cafe', 'store', 'food', 'point_of_interest', 'establishment']","51.4039, 0.0198"
Wild Bean Cafe,ChIJKb4HxUaq2EcR9l9n8jCK5oU,"51.40689620000001, 0.0284365","133-135 Widmore Road, Bromley","['cafe', 'convenience_store', 'store', 'food', 'point_of_interest', 'establishment']","51.4039, 0.0198"
Chaplin’s Café,ChIJJ79LQ0aq2EcRqspvnrJ0gGM,"51.406282, 0.03289","171 Widmore Road, Bromley","['cafe', 'bakery', 'store', 'restaurant', 'food', 'point_of_interest', 'establishment']","51.4039, 0.0198"
Twins Cafe Bromley,ChIJfWvicFeq2EcRzHjjR0nPMH4,"51.39197739999999, 0.03589150000000001","48 Chatterton Road, Bromley","['cafe', 'food', 'point_of_interest', 'establishment']","51.4039, 0.0198"
Costa Coffee,ChIJ_7roc3-q2EcRo1l3FP8FaAs,"51.392181, 0.001099","147-151 Westmoreland Road, Bromley","['cafe', 'store', 'food', 'point_of_interest', 'establishment']","51.4039, 0.0198"
Shell,ChIJc-RXTgiq2EcRIEWD-6U8F68,"51.4183057, 0.001848","96A Bromley Hill, Bromley","['gas_station', 'convenience_store', 'meal_delivery', 'cafe', 'store', 'restaurant', 'food', 'point_of_interest', 'establishment']","51.4039, 0.0198"
Ted's Coffee Shop,ChIJ9Zf_aqqr2EcRnHgBwaTl3ls,"51.3900669, 0.050858","227 Southborough Lane, Bromley","['cafe', 'food', 'point_of_interest', 'establishment']","51.4039, 0.0198"
Generator London,ChIJM4cpDTobdkgRx8LDQJ76Yu8,"51.52620449999999, -0.124825","37 Tavistock Place, London","['cafe', 'bar', 'lodging', 'point_of_interest', 'food', 'establishment']","51.529, -0.1255"
The Wesley,ChIJSXkoEyYbdkgRpmQAturmT2k,"51.5266402, -0.135689","81-103 Euston Street, London","['cafe', 'lodging', 'restaurant', 'point_of_interest', 'food', 'establishment']","51.529, -0.1255"
The Rubens at the Palace,ChIJXX6W2iAFdkgREIjlbrOHCOw,"51.49826530000001, -0.1434998","39 Buckingham Palace Road, London","['cafe', 'bar', 'lodging', 'restaurant', 'point_of_interest', 'food', 'establishment']","51.529, -0.1255"
Park Room,ChIJx_BjgDEFdkgRoN3QNXf9dAU,"51.5098444, -0.155529","86-90 Park Lane, London","['cafe', 'restaurant', 'point_of_interest', 'food', 'establishment']","51.529, -0.1255"
BFI IMAX,ChIJm_mee7cEdkgRM0sbLsHGeWg,"51.50487889999999, -0.1136318","Waterloo, 1 Charlie Chaplin Walk South Bank","['movie_theater', 'cafe', 'bar', 'point_of_interest', 'food', 'store', 'establishment']","51.529, -0.1255"
The Bermondsey Square Hotel,ChIJU3VpMEMDdkgRpGZTvZ-x7jI,"51.497719, -0.08131559999999999","9 Bermondsey Square, London","['cafe', 'lodging', 'restaurant', 'point_of_interest', 'food', 'store', 'establishment']","51.529, -0.1255"
The Wolseley,ChIJr_4cVy8FdkgRIrNbO93eUFM,"51.5074427, -0.1409233","160 Piccadilly, St. James's, London","['cafe', 'restaurant', 'point_of_interest', 'food', 'establishment']","51.529, -0.1255"
The Ivy,ChIJVcvKc80EdkgRyV3q0YIzDvc,"51.51286029999999, -0.128045","1-5 West Street, London","['cafe', 'bar', 'restaurant', 'point_of_interest', 'food', 'establishment']","51.529, -0.1255"
Rich Mix,ChIJDT5Fc7ccdkgRTJN0vGqwGNE,"51.5243955, -0.07319679999999998","35-47 Bethnal Green Road, London","['movie_theater', 'art_gallery', 'cafe', 'point_of_interest', 'food', 'establishment']","51.529, -0.1255"
The Pilgrm Hotel Restaurant and Bar Paddington,ChIJARBMxLIadkgR-ahswfwrT8w,"51.51576679999999, -0.1744445","25 London Street, London","['night_club', 'cafe', 'bar', 'lodging', 'point_of_interest', 'food', 'establishment']","51.529, -0.1255"
ODEON Tottenham Court Rd,ChIJpy-n8ygbdkgRblRTJU1WiXA,"51.5183526, -0.1324275","Central Cross, 30 Tottenham Court Road, London","['movie_theater', 'cafe', 'point_of_interest', 'food', 'store', 'establishment']","51.529, -0.1255"
L'Escargot Restaurant,ChIJv2nJxtIEdkgR5BVDRcOlpog,"51.5139706, -0.1309972","48 Greek Street, London","['cafe', 'bar', 'restaurant', 'point_of_interest', 'food', 'establishment']","51.529, -0.1255"
Wigmore Hall,ChIJ-dNEa9MadkgRNYqylAShZqU,"51.516608, -0.1481362","36 Wigmore Street, London","['cafe', 'bar', 'restaurant', 'point_of_interest', 'food', 'establishment']","51.529, -0.1255"
Monmouth Coffee Company,ChIJ94DTm1cDdkgRibmgxzXy2EQ,"51.5055334, -0.09140690000000001","2 Park Street, London","['cafe', 'point_of_interest', 'food', 'store', 'establishment']","51.529, -0.1255"
ODEON Luxe West End,ChIJ8xZFCNIEdkgRh6ulrAY-hOw,"51.50992159999999, -0.1301796","38a Leicester Square, London","['movie_theater', 'cafe', 'bar', 'point_of_interest', 'food', 'store', 'establishment']","51.529, -0.1255"
The British Library,ChIJlRMXcDsbdkgRJdsP3nlUkBg,"51.52997169999999, -0.1276759","96 Euston Road, London","['library', 'tourist_attraction', 'cafe', 'restaurant', 'point_of_interest', 'food', 'store', 'establishment']","51.529, -0.1255"
Foyles,ChIJ5574rdIEdkgRA9294QpXDhw,"51.51430149999999, -0.1299049","107 Charing Cross Road, London","['book_store', 'cafe', 'electronics_store', 'home_goods_store', 'point_of_interest', 'food', 'store', 'establishment']","51.529, -0.1255"
Curzon Soho,ChIJR_tP9tIEdkgR50LK64QCsck,"51.5127004, -0.1305849","99 Shaftesbury Avenue, London","['movie_theater', 'cafe', 'bar', 'restaurant', 'point_of_interest', 'food', 'establishment']","51.529, -0.1255"
The Table Café,ChIJbc-9tKgEdkgR2qNGtGhKWLc,"51.5054844, -0.0998167","83 Southwark Street, London","['cafe', 'restaurant', 'point_of_interest', 'food', 'establishment']","51.529, -0.1255"
Swan London,ChIJ70dbCqkEdkgR_2rXCHnP0aQ,"51.5082418, -0.09652360000000001","21 New Globe Walk, Bankside, London","['restaurant', 'cafe', 'bar', 'point_of_interest', 'food', 'establishment']","51.529, -0.1255"
The Tram Stop,ChIJe6d449wAdkgRZPwin12YzPU,"51.38025599999999, -0.0733924","231 Lower Addiscombe Road, Croydon","['cafe', 'restaurant', 'food', 'point_of_interest', 'establishment']","51.3714, -0.0977"
bp,ChIJgdGJVyMHdkgRHKzCOp_0wGU,"51.3788072, -0.1109563","3 Mitcham Road, Croydon","['gas_station', 'atm', 'car_wash', 'convenience_store', 'cafe', 'finance', 'store', 'food', 'point_of_interest', 'establishment']","51.3714, -0.0977"
Pavilion @ BedZED,ChIJNS_vQ7EHdkgRFyK2VdPwcBQ,"51.3831545, -0.1565439","24A Sandmartin Way, Hackbridge, Wallington","['cafe', 'food', 'point_of_interest', 'establishment']","51.3714, -0.0977"
Cafe Del Mar,ChIJ-WvL5pwHdkgRqqF2HK8LUXY,"51.35851369999999, -0.1452875","48 Stafford Road, Wallington","['cafe', 'restaurant', 'food', 'point_of_interest', 'establishment']","51.3714, -0.0977"
Waddon Cafe,ChIJq-fOaGoHdkgRvkMkjIfTPHo,"51.36465010000001, -0.1179416","445 Purley Way, Croydon","['cafe', 'food', 'point_of_interest', 'establishment']","51.3714, -0.0977"
Today's Cafe,ChIJ21zcuFMHdkgRh-QbHbjKxs8,"51.3538806, -0.09754410000000001","267 Brighton Road, South Croydon","['cafe', 'food', 'point_of_interest', 'establishment']","51.3714, -0.0977"
Al Amora Lounge,ChIJq3cuZSkHdkgRR-RY_6fw3ow,"51.385601, -0.09990729999999999","78 Windmill Road, Croydon","['cafe', 'food', 'point_of_interest', 'establishment']","51.3714, -0.0977"
Yeha Noha Cafe Bar,ChIJT5vUeiMBdkgRZ9f-RcPCAbc,"51.397839, -0.07568289999999998","Yeha Noha Cafe, 19-21 Station Road, London","['restaurant', 'cafe', 'food', 'point_of_interest', 'establishment']","51.3714, -0.0977"
English & Continental,ChIJh_Hx1TMHdkgRD1iVBwvtUOQ,"51.37550960000001, -0.0993801","1074, Whitgift Centre, 21 North End, Croydon","['cafe', 'restaurant', 'food', 'point_of_interest', 'establishment']","51.3714, -0.0977"
Pure Foods,ChIJM97UeAEHdkgRjDWhyplj3Mo,"51.38683090000001, -0.1344001","4 Coomber Way, Croydon","['cafe', 'store', 'food', 'point_of_interest', 'establishment']","51.3714, -0.0977"
Mayday Cafe,ChIJPUgZ0CYHdkgRJa6AJdqGXSM,"51.3855279, -0.1100945","355 London Road, Croydon","['cafe', 'food', 'point_of_interest', 'establishment']","51.3714, -0.0977"
Classic Cafe Croydon,ChIJ2TGVnjEHdkgRIAhxj6LcQKA,"51.37614199999999, -0.1026035","1019, Whitgift Centre, 21 North End, Croydon","['cafe', 'food', 'point_of_interest', 'establishment']","51.3714, -0.0977"
Massarella Catering Co,ChIJNQzkGBYHdkgRQer4GIung1E,"51.3744896, -0.1170561","1 Drury Crescent, Croydon","['cafe', 'food', 'point_of_interest', 'establishment']","51.3714, -0.0977"
Crushed Bean,ChIJrzNRjjYHdkgR-MHNcB5Tww4,"51.37113649999999, -0.1001019","81 High Street, Croydon","['cafe', 'store', 'food', 'point_of_interest', 'establishment']","51.3714, -0.0977"
The Ludoquist - Board Game Cafe Bar,ChIJ6Se2ljYHdkgRLtO-G6KxKJ4,"51.3715824, -0.1003029","63-67 High Street, Croydon","['cafe', 'store', 'food', 'point_of_interest', 'establishment']","51.3714, -0.0977"
Caffè Nero,ChIJ9S-z7zMHdkgRTmJQjgzJJBo,"51.37387829999999, -0.09842200000000001","44 George Street, Croydon","['cafe', 'store', 'food', 'point_of_interest', 'establishment']","51.3714, -0.0977"
Costa Coffee,ChIJDT-3PTEHdkgRKE5gsi5UCUM,"51.374394, -0.101177","Ground Floor, 11, Bath & Body Works, 19 North End, Croydon","['cafe', 'store', 'food', 'point_of_interest', 'establishment']","51.3714, -0.0977"
Caffè Nero,ChIJYXTMODMHdkgRh4O8AAYyv-Q,"51.37465539999999, -0.0944922","93 George Street, East, Croydon","['cafe', 'store', 'food', 'point_of_interest', 'establishment']","51.3714, -0.0977"
Bao Bao Taiwanese Street Food,ChIJTRLMMDMHdkgRqePhdxMY-E4,"51.375038, -0.09413819999999999","Unit 44-45, Boxpark, 99 George Street, Croydon","['cafe', 'restaurant', 'food', 'point_of_interest', 'establishment']","51.3714, -0.0977"
Costa Coffee,ChIJjUnXzcwAdkgRHYG4WUom9Zc,"51.375025, -0.093171","1 Station, Station Approach, Croydon","['cafe', 'store', 'food', 'point_of_interest', 'establishment']","51.3714, -0.0977"
Watermans Arts Centre,ChIJg8sNzcUNdkgR_S-B1tKKYTU,"51.4856828, -0.298389","40 High Street, Brentford","['movie_theater', 'cafe', 'art_gallery', 'restaurant', 'point_of_interest', 'food', 'establishment']","51.513, -0.3089"
The National Archives,ChIJYe6r5ngOdkgRf6SVcbMsQ0k,"51.4811031, -0.2793934","Bessant Drive, Richmond","['book_store', 'cafe', 'travel_agency', 'park', 'storage', 'store', 'point_of_interest', 'food', 'establishment']","51.513, -0.3089"
Shell,ChIJR-ldBggNdkgREAGotmsEobM,"51.48344400000001, -0.328037","882 Great West Road, Isleworth","['gas_station', 'convenience_store', 'meal_delivery', 'cafe', 'restaurant', 'store', 'point_of_interest', 'food', 'establishment']","51.513, -0.3089"
Piccola Italia Ealing,ChIJbcpVz_QNdkgR_lEpKWoNYjo,"51.51074070000001, -0.3052565","21 The Green, London","['meal_takeaway', 'cafe', 'bar', 'restaurant', 'point_of_interest', 'food', 'establishment']","51.513, -0.3089"
Caffè Nero,ChIJdQPH2ooNdkgRBrfbYIFbHVc,"51.51271609999999, -0.3071020999999999","51 New Broadway, London","['cafe', 'store', 'point_of_interest', 'food', 'establishment']","51.513, -0.3089"
The Original Maids of Honour,ChIJc6omM9cNdkgRvrMpr224nbk,"51.48080189999999, -0.2884071","288 Kew Road, Richmond","['cafe', 'point_of_interest', 'food', 'establishment']","51.513, -0.3089"
Caffe Nero,ChIJrRFJoWwOdkgResXT_6d6W4U,"51.49270509999999, -0.2647684","386 Chiswick High Road, London","['cafe', 'store', 'point_of_interest', 'food', 'establishment']","51.513, -0.3089"
Chiswick House and Gardens Trust,ChIJn41YYUIOdkgR7Axs1ca0HZQ,"51.4838077, -0.2586959999999999","Chiswick House, London","['park', 'tourist_attraction', 'cafe', 'point_of_interest', 'food', 'establishment']","51.513, -0.3089"
Bagel & Shake Ealing,ChIJZ0evRYYNdkgRy-FGu1dUr2U,"51.513111, -0.3194325000000001","46-48 Drayton Green Road, London","['cafe', 'bakery', 'store', 'point_of_interest', 'food', 'establishment']","51.513, -0.3089"
Costa Coffee,ChIJE8vwrl4NdkgRw2tHb1qShmk,"51.50735, -0.34654","Ealing Hospital, Uxbridge Road, Southall","['cafe', 'store', 'point_of_interest', 'food', 'establishment']","51.513, -0.3089"
Costa Coffee,ChIJP-gIz5eqd0gRdUMyi6EZOkA,"51.50998, -0.28748","437 Uxbridge Road, London","['cafe', 'store', 'point_of_interest', 'food', 'establishment']","51.513, -0.3089"
Brentford Fountain Leisure Centre,ChIJA_7iA98NdkgR8IfbXecH1vg,"51.4908641, -0.2850528000000001","658 Chiswick High Road, Brentford, London","['cafe', 'point_of_interest', 'food', 'establishment']","51.513, -0.3089"
Costa Coffee,ChIJl2L7z2cSdkgRo74jxAuXx0A,"51.54279, -0.33946","Unit 14, Westway Cross Shopping Park, Greenford","['cafe', 'store', 'point_of_interest', 'food', 'establishment']","51.513, -0.3089"
Arabella sweet,ChIJuy7UOO8RdkgRGZimx1sBN6c,"51.52649329999999, -0.2662818999999999","Park Royal Business Centre, 9-17 Park Royal Road, London","['cafe', 'point_of_interest', 'food', 'establishment']","51.513, -0.3089"
Boof Restaurant,ChIJEzcD6IoNdkgR21oZVnC1dYA,"51.512618, -0.307351","57 New Broadway, London","['meal_takeaway', 'meal_delivery', 'cafe', 'bar', 'restaurant', 'store', 'point_of_interest', 'food', 'establishment']","51.513, -0.3089"
Artisan Coffee School,ChIJT4ERy4oNdkgRbv3nQazu080,"51.5131139, -0.3066972000000001","32 New Broadway, London","['cafe', 'point_of_interest', 'food', 'establishment']","51.513, -0.3089"
ODEON Luxe Lee Valley,ChIJZ9BlTloedkgRMx_MWbh5iB0,"51.6331468, -0.0372402","Lee Valley, Edmonton, Pickett's Lock Lane, London","['movie_theater', 'cafe', 'bar', 'store', 'point_of_interest', 'food', 'establishment']","51.6538, -0.0799"
bp,ChIJicXfbX8fdkgRCJFKKTbLQCQ,"51.67990999999999, -0.04832","Bullsmoor Lane, Enfield","['gas_station', 'car_wash', 'atm', 'cafe', 'finance', 'point_of_interest', 'food', 'establishment']","51.6538, -0.0799"
Costa Coffee,ChIJ4TT-YAcfdkgRSZJHRXqaLTo,"51.64781300000001, -0.04783","288 High Street, Enfield","['cafe', 'store', 'point_of_interest', 'food', 'establishment']","51.6538, -0.0799"
Krispy Kreme Enfield,ChIJ9731qRofdkgR_z8our7oTZE,"51.65235, -0.05934000000000001","492 Great Cambridge Road, Enfield","['cafe', 'bakery', 'restaurant', 'store', 'point_of_interest', 'food', 'establishment']","51.6538, -0.0799"
Costa Coffee,ChIJR_cD5S8fdkgR4Mt6aE8CLUQ,"51.651189, -0.083939",26 Palace Gardens Shopping Cen,"['cafe', 'store', 'point_of_interest', 'food', 'establishment']","51.6538, -0.0799"
Cafe Venezia,ChIJ1_dsIN8YdkgR7i0lq7VfmuM,"51.643839, -0.113314","8 Chaseville Parade, Chaseville Park Road, London","['cafe', 'restaurant', 'store', 'point_of_interest', 'food', 'establishment']","51.6538, -0.0799"
Occo Cafe,ChIJOxDYBTAfdkgRTlNkqRq9xYo,"51.65224389999999, -0.0828451","Market Chambers, Church Street, Enfield","['cafe', 'store', 'point_of_interest', 'food', 'establishment']","51.6538, -0.0799"
Creams Cafe Enfield,ChIJMWRQVzsfdkgRDuerztcUklE,"51.6522106, -0.07687859999999998","5-6 Savoy Parade, Enfield","['meal_takeaway', 'cafe', 'bakery', 'restaurant', 'store', 'point_of_interest', 'food', 'establishment']","51.6538, -0.0799"
Caffè Nero,ChIJRfoTrDofdkgRnKqBmcw6Ybw,"51.6514579, -0.08295250000000001","Shopping Centre, palace Exchange, 22 The Town, Enfield","['cafe', 'store', 'point_of_interest', 'food', 'establishment']","51.6538, -0.0799"
Leo's Coffee Shop,ChIJb6coQzIfdkgRAjmXl7WnJLE,"51.6532102, -0.0908163","Platform 1, Enfield Chase Railway Station, Windmill Hill, Enfield","['cafe', 'store', 'point_of_interest', 'food', 'establishment']","51.6538, -0.0799"
Zippola,ChIJRY1T20cfdkgRQKClloYK7_E,"51.66408740000001, -0.08183230000000001","Zippola, Live to Eat, 93 Lancaster Road, Enfield","['cafe', 'store', 'point_of_interest', 'food', 'establishment']","51.6538, -0.0799"
Starbucks Coffee,ChIJuxIO6RofdkgRByQ9t1LxgBo,"51.6501224, -0.0607296","208 Southbury Road, Enfield","['cafe', 'restaurant', 'store', 'point_of_interest', 'food', 'establishment']","51.6538, -0.0799"
Costa Coffee,ChIJcVqXuQ8fdkgRV-o5df5DDWg,"51.65448, -0.05898","Unit 1, Next Home, Enfield Retail Park, Crown Road, Enfield","['cafe', 'store', 'point_of_interest', 'food', 'establishment']","51.6538, -0.0799"
Stantons Coffee House,ChIJsyI65R8fdkgRDoGwWggqvf4,"51.64181199999999, -0.0699637","7 Queen Anne's Place, Enfield","['cafe', 'store', 'point_of_interest', 'food', 'establishment']","51.6538, -0.0799"
Shell,ChIJ29DdwHIfdkgRVScJVqNs5Wc,"51.66362700000001, -0.0568554","790 Great Cambridge Road, Enfield","['gas_station', 'car_wash', 'convenience_store', 'meal_delivery', 'cafe', 'restaurant', 'store', 'point_of_interest', 'food', 'establishment']","51.6538, -0.0799"
Caffe Napoli,ChIJt98SEeEedkgRQfOBj3qabLE,"51.6377731, -0.0667058","79 Lynmouth Avenue, Enfield","['cafe', 'point_of_interest', 'food', 'establishment']","51.6538, -0.0799"
Costa Coffee,ChIJfQesp6AfdkgRZg45ojvM9xI,"51.6579, -0.046995","163 Hertford Road, Enfield","['cafe', 'store', 'point_of_interest', 'food', 'establishment']","51.6538, -0.0799"
The Larder,ChIJkYDn4y4ZdkgRmlpreHUyic0,"51.6342671, -0.1028123","26 The Green, London","['cafe', 'bar', 'restaurant', 'store', 'point_of_interest', 'food', 'establishment']","51.6538, -0.0799"
Coffee Break,ChIJZXaaSy0ZdkgRD3elCWHFrGA,"51.63175500000001, -0.09455590000000003","792 Green Lanes, London","['cafe', 'restaurant', 'store', 'point_of_interest', 'food', 'establishment']","51.6538, -0.0799"
ODEON Greenwich,ChIJV9DJkD6o2EcRU7piWt6eKBM,"51.49059219999999, 0.0127925","Bugsby's Way, London","['movie_theater', 'cafe', 'store', 'food', 'bar', 'point_of_interest', 'establishment']","51.4892, 0.0648"
Costa Coffee - Woolwich DLR,ChIJqaXtVuqo2EcROkrxQemFFVo,"51.490332, 0.0693795","1 Woolwich New Road, London","['cafe', 'store', 'food', 'point_of_interest', 'establishment']","51.4892, 0.0648"
Costa Coffee,ChIJEfz3s0Co2EcRf16Y1uxXXR4,"51.49078, 0.02343","Unit C, NEXT, 4 Brocklebank Road, London","['cafe', 'store', 'food', 'point_of_interest', 'establishment']","51.4892, 0.0648"
The Garden Community Cafe,ChIJqTqfIneo2EcRp5oO3mWw6AQ,"51.51108729999999, 0.0328802","7 Cundy Road, London","['cafe', 'food', 'point_of_interest', 'establishment']","51.4892, 0.0648"
Charlton House & Gardens,ChIJPxw89E6o2EcRZB3M9ThmSow,"51.48059880000001, 0.03717220000000001","Charlton Road, London","['cafe', 'food', 'point_of_interest', 'establishment']","51.4892, 0.0648"
East Greenwich Pleasaunce,ChIJS__ikjqo2EcRbhoIhRk_h04,"51.484675, 0.0137639","10 Chevening Road, London","['park', 'cafe', 'store', 'restaurant', 'food', 'point_of_interest', 'establishment']","51.4892, 0.0648"
Asda Beckton Superstore,ChIJAQsOPNWn2EcR9EUp-qjRM6I,"51.5150406, 0.05756790000000001","Tollgate Road, Beckton","['supermarket', 'gas_station', 'atm', 'pharmacy', 'cafe', 'clothing_store', 'grocery_or_supermarket', 'finance', 'store', 'food', 'point_of_interest', 'health', 'establishment']","51.4892, 0.0648"
Marks and Spencer,ChIJi2AeI3Op2EcR4EG1d3UVBxE,"51.4509354, 0.0549693","115 Eltham High Street, London","['department_store', 'supermarket', 'convenience_store', 'cafe', 'clothing_store', 'grocery_or_supermarket', 'store', 'food', 'point_of_interest', 'establishment']","51.4892, 0.0648"
Buenos Aires Cafe,ChIJD2tuXdGp2EcRTm_RJxck12o,"51.46716559999999, 0.007254000000000001","17 Royal Parade, London","['cafe', 'restaurant', 'food', 'point_of_interest', 'establishment']","51.4892, 0.0648"
Costa Coffee,ChIJn4ljDdGp2EcRm1z7Y4fwR6g,"51.467399, 0.007877000000000002","41 Tranquil Vale, London","['cafe', 'store', 'food', 'point_of_interest', 'establishment']","51.4892, 0.0648"
The Coffee Lounge,ChIJqXZnT-qo2EcR5CeWmIfw0Iw,"51.4904417, 0.0682417","Equitable House, 29 Greens End, London","['cafe', 'store', 'restaurant', 'food', 'point_of_interest', 'establishment']","51.4892, 0.0648"
Roz Cafe,ChIJX05KEZGo2EcR7fJISzZyf8w,"51.50087869999999, 0.06309429999999999","1 Pier Road, London","['cafe', 'food', 'point_of_interest', 'establishment']","51.4892, 0.0648"
Moca cafe,ChIJ7_RQtjWo2EcRSy5ba2Pew88,"51.476733, 0.0209958","10 Old Dover Road, London","['cafe', 'store', 'restaurant', 'food', 'point_of_interest', 'establishment']","51.4892, 0.0648"
Tesco Cafe,ChIJrWh-3Ouo2EcRaVbAefjwnY4,"51.48919209999999, 0.06624929999999998","Grand Depot Road, London","['cafe', 'store', 'restaurant', 'food', 'point_of_interest', 'establishment']","51.4892, 0.0648"
First Choice Cafe And Restaurant,ChIJM_aituyo2EcR2R0zrymLWXI,"51.49348, 0.06337899999999999","51 Hare Street, London","['cafe', 'restaurant', 'food', 'point_of_interest', 'establishment']","51.4892, 0.0648"
The Yoga Space London,ChIJdcvD68Co2EcRYFV4MBpPQ1o,"51.4946502, 0.06653479999999998","Norton House, Duke of Wellington Avenue, London","['gym', 'cafe', 'store', 'food', 'point_of_interest', 'health', 'establishment']","51.4892, 0.0648"
Menagerie Cafe,ChIJL37yMseo2EcR3pmopsPd_Zk,"51.4920267, 0.07648390000000001","Unit 9, The I O Centre, Skeffington Street, London","['cafe', 'food', 'point_of_interest', 'establishment']","51.4892, 0.0648"
Arts Cafe,ChIJW-L9ZmCo2EcRD6uBtukAr3s,"51.4946119, 0.04484590000000001","Thames-Side Studios Gallery, Harrington Way, Warspite Road, London","['cafe', 'food', 'point_of_interest', 'establishment']","51.4892, 0.0648"
The Plumstead Pantry SE18,ChIJycUwatCo2EcRp7YHAKZ7OK4,"51.48180379999999, 0.0836855","16 Warwick Terrace, London","['restaurant', 'cafe', 'store', 'food', 'point_of_interest', 'establishment']","51.4892, 0.0648"
The Chef House kitchen,ChIJr2pAGW-p2EcRadF0WqUVdxU,"51.49396369999999, 0.0421675","Westminster Industrial Estate, 19 Bowater Road (unit 76 In, London","['cafe', 'food', 'point_of_interest', 'establishment']","51.4892, 0.0648"
Cafe 1001,ChIJcwCeFbYcdkgRlPGrpXVrFBo,"51.52093410000001, -0.0719882","91 Brick Lane, London","['cafe', 'bar', 'point_of_interest', 'food', 'establishment']","51.545, -0.0553"
Ottolenghi Islington,ChIJYVig82YbdkgRi6zgskkA6TM,"51.5397504, -0.1022929","287 Upper Street, London","['cafe', 'restaurant', 'point_of_interest', 'food', 'store', 'establishment']","51.545, -0.0553"
Allpress Espresso Bar Shoreditch,ChIJV_Via7ccdkgRvCItLvUmrNw,"51.52440099999999, -0.07426039999999999","58 Redchurch Street, London","['cafe', 'point_of_interest', 'food', 'store', 'establishment']","51.545, -0.0553"
Wilton's Music Hall,ChIJbcQbMTQDdkgRGnjfXht0wPA,"51.51070129999999, -0.0668967","1 Graces Alley, London","['tourist_attraction', 'cafe', 'bar', 'point_of_interest', 'food', 'establishment']","51.545, -0.0553"
Costa Coffee,ChIJn9GcSawcdkgRn37GMHm3zAg,"51.518699, -0.084719","9 Eldon Street, Broadgate, London","['cafe', 'point_of_interest', 'food', 'store', 'establishment']","51.545, -0.0553"
The Zetter Clerkenwell,ChIJr6-6s1EbdkgRwChbpZiwqqA,"51.5230962, -0.1038718","49-50 Saint John's Square, London","['cafe', 'lodging', 'bar', 'restaurant', 'point_of_interest', 'food', 'establishment']","51.545, -0.0553"
La Divina Italian Restaurant,ChIJS81X-GYbdkgRVxyAEsjWrwg,"51.5392687, -0.1025622","134 Upper Street, London","['cafe', 'bar', 'restaurant', 'point_of_interest', 'food', 'establishment']","51.545, -0.0553"
Cafe OTO,ChIJT572jI0cdkgRe6ZCGWDlysg,"51.54694199999999, -0.07477230000000001","18-22 Ashwin Street, London","['cafe', 'point_of_interest', 'food', 'establishment']","51.545, -0.0553"
The Breakfast Club Angel,ChIJc9cGbF0bdkgRznpH5zlh38E,"51.5350988, -0.103734","31 Camden Passage, London","['cafe', 'bar', 'restaurant', 'point_of_interest', 'food', 'establishment']","51.545, -0.0553"
Manicomio City Restaurant,ChIJ6agvSFUbdkgR3PO7Wiq5wyA,"51.5155225, -0.0954193","6 Gutter Lane, London","['cafe', 'restaurant', 'point_of_interest', 'food', 'store', 'establishment']","51.545, -0.0553"
Strongroom Bar,ChIJf8u2m7ocdkgRLeLo56yXOug,"51.5259464, -0.08005219999999999","120-124 Curtain Road, London","['bar', 'cafe', 'restaurant', 'point_of_interest', 'food', 'store', 'establishment']","51.545, -0.0553"
Bottega Prelibato Restaurant,ChIJX85JrrocdkgRn0nUGes3k1s,"51.52612739999999, -0.08142909999999999","43-45 Rivington Street, London","['cafe', 'bar', 'restaurant', 'point_of_interest', 'food', 'store', 'establishment']","51.545, -0.0553"
Paper Dress Vintage,ChIJGfZUnLocdkgRGn_TKi4O0WM,"51.5473541, -0.05467259999999999","352a Mare Street, London","['cafe', 'clothing_store', 'night_club', 'bar', 'home_goods_store', 'point_of_interest', 'food', 'store', 'establishment']","51.545, -0.0553"
Bike Shed Moto Co.,ChIJ9e503dICdkgRulsUq3cF-8Y,"51.5271434, -0.0788825","384 Old Street, London","['cafe', 'clothing_store', 'bar', 'hair_care', 'health', 'restaurant', 'point_of_interest', 'food', 'store', 'establishment']","51.545, -0.0553"
Caravan Exmouth Market Restaurant,ChIJT_W5ikUbdkgRoEa2c9t3e5s,"51.52546299999999, -0.1100856","11-13 Exmouth Market, London","['restaurant', 'cafe', 'bar', 'point_of_interest', 'food', 'store', 'establishment']","51.545, -0.0553"
Gallery Cafe,ChIJr34Mk9scdkgRqczSG77MsbE,"51.52987400000001, -0.05447","St. Margarets House Settlement, 21 Old Ford Road, Bethnal Green, London","['cafe', 'restaurant', 'point_of_interest', 'food', 'establishment']","51.545, -0.0553"
Gallipoli Restaurant,ChIJ-S8EqGcbdkgRvtjI--yC5KE,"51.5385288, -0.1026159","119-120 Upper Street, London","['cafe', 'bar', 'restaurant', 'point_of_interest', 'food', 'establishment']","51.545, -0.0553"
Costa Coffee,ChIJX36gA1IbdkgR_qGNlo6ZDbk,"51.519943, -0.105043","46 Cowcross Street, London","['cafe', 'point_of_interest', 'food', 'store', 'establishment']","51.545, -0.0553"
Med's Cafe,ChIJo-nayTEddkgR2WOy_wNNC9Q,"51.522864, -0.03397489999999999","37 Burdett Road, London","['cafe', 'bakery', 'restaurant', 'point_of_interest', 'food', 'store', 'establishment']","51.545, -0.0553"
London Lodge Hotel,ChIJC8OFcvMPdkgReKARKoiXKs0,"51.495723, -0.19496","134-136 Lexham Gardens, London","['cafe', 'lodging', 'clothing_store', 'night_club', 'bar', 'store', 'restaurant', 'food', 'point_of_interest', 'establishment']","51.4927, -0.2339"
Afternoon Tea at The Milestone Hotel,ChIJ98briVgFdkgR3vxkMvlFN28,"51.50200719999999, -0.1866267","1-3 Kensington Court, London","['cafe', 'food', 'point_of_interest', 'establishment']","51.4927, -0.2339"
Bluebird,ChIJuW4AjG8FdkgRDb_vqbTS508,"51.4847353, -0.1755033","350 King's Road, London","['cafe', 'night_club', 'bar', 'restaurant', 'food', 'point_of_interest', 'establishment']","51.4927, -0.2339"
Serpentine Gallery,ChIJOQxY9E8FdkgRe1P4OVUdwM8,"51.50462700000001, -0.175073",London,"['art_gallery', 'tourist_attraction', 'cafe', 'museum', 'food', 'point_of_interest', 'establishment']","51.4927, -0.2339"
The Orangery Restaurant,ChIJ7w-V58oNdkgRMcz9MMtot9Q,"51.5065855, -0.1877335","Kensington Palace Gardens, London","['restaurant', 'cafe', 'food', 'point_of_interest', 'establishment']","51.4927, -0.2339"
"Dukes Meadows Golf, Tennis & Ski",ChIJ57ACrWEOdkgRajz4Kz-BExA,"51.472398, -0.2634714","Dan Mason Drive, London","['cafe', 'store', 'food', 'point_of_interest', 'establishment']","51.4927, -0.2339"
La Piccola Deli Pasticceria,ChIJg-N64-0PdkgRT1mKgT3DLs0,"51.4986294, -0.2008059","La Piccola Deli Pasticceria, 270 Kensington High Street, London","['cafe', 'bakery', 'store', 'restaurant', 'food', 'point_of_interest', 'establishment']","51.4927, -0.2339"
The Hummingbird Bakery,ChIJFaENbuIPdkgRpLxw62U-cws,"51.5140807, -0.2038636","133 Portobello Road, London","['bakery', 'cafe', 'store', 'food', 'point_of_interest', 'establishment']","51.4927, -0.2339"
Fulham Palace,ChIJd2HTbaAPdkgRzADh38gQpO0,"51.4707092, -0.2159675","Bishop's Avenue, London","['museum', 'tourist_attraction', 'cafe', 'park', 'food', 'point_of_interest', 'establishment']","51.4927, -0.2339"
The Hummingbird Bakery - South Kensington,ChIJHeUXBWgFdkgR3eOA_V-hKEs,"51.4933004, -0.1754869","47 Old Brompton Road, London","['bakery', 'cafe', 'store', 'food', 'point_of_interest', 'establishment']","51.4927, -0.2339"
ODEON Luxe Putney,ChIJgUvfVQwPdkgRQHqiMvvlzBU,"51.4652107, -0.2142387","26 Putney High Street, London","['movie_theater', 'cafe', 'bar', 'store', 'food', 'point_of_interest', 'establishment']","51.4927, -0.2339"
Betty Blythe,ChIJoUqLysYPdkgRMhFRzLdSSsk,"51.497602, -0.2175909","73 Blythe Road, London","['cafe', 'food', 'point_of_interest', 'establishment']","51.4927, -0.2339"
Coco Momo,ChIJrWezwF4FdkgR5k5LjWXMp8Q,"51.4981216, -0.1835399","25 Gloucester Road, South Kensington, London","['cafe', 'bar', 'restaurant', 'food', 'point_of_interest', 'establishment']","51.4927, -0.2339"
The Magic Cafe,ChIJvcNu_6APdkgRk8rzNDb_oVk,"51.47506300000001, -0.21423","359 Fulham Palace Road, London","['cafe', 'store', 'food', 'point_of_interest', 'establishment']","51.4927, -0.2339"
Le Pain Quotidien,ChIJ7bOFjEIFdkgRwCbRqdYFfEY,"51.4950084, -0.1736302","15-17 Exhibition Road, London","['restaurant', 'cafe', 'bakery', 'store', 'food', 'point_of_interest', 'establishment']","51.4927, -0.2339"
The Prince Edward,ChIJXdGdcP4PdkgRwdBqUcXiqro,"51.5129205, -0.1935085","73 Prince's Square, London","['restaurant', 'cafe', 'bar', 'food', 'point_of_interest', 'establishment']","51.4927, -0.2339"
Putney Leisure Centre,ChIJyV5LXgMPdkgRl5Kl8sVW7BQ,"51.46365619999999, -0.2286599","Dryburgh Road, London","['cafe', 'gym', 'school', 'health', 'food', 'point_of_interest', 'establishment']","51.4927, -0.2339"
Caffè Concerto Kensington,ChIJgwQn4PYPdkgRVZlJuahYFpE,"51.5018036, -0.191723","88 Kensington High Street, London","['cafe', 'bakery', 'store', 'restaurant', 'food', 'point_of_interest', 'establishment']","51.4927, -0.2339"
Stonebridge Lock Waterside Cafe,ChIJF3oCXCocdkgRRNnfZq9libc,"51.5976247, -0.0502964","Watermead Way, London","['cafe', 'food', 'point_of_interest', 'establishment']","51.6, -0.1119"
Autograf Restaurant,ChIJ8cOgRfcbdkgRvjVdEdKoYFM,"51.58778710000001, -0.099087","488 West Green Road, Duckett's Green, London","['cafe', 'meal_delivery', 'meal_takeaway', 'restaurant', 'food', 'point_of_interest', 'establishment']","51.6, -0.1119"
Park Theatre,ChIJqaky95obdkgRrAYqOEJqzFY,"51.5657146, -0.1085131","13 Clifton Terrace, London","['cafe', 'bar', 'food', 'point_of_interest', 'establishment']","51.6, -0.1119"
Costa Coffee,ChIJhZfaTscbdkgRlZdqVCiPY4Q,"51.57886, -0.12408","1 The Broadway, London","['cafe', 'store', 'food', 'point_of_interest', 'establishment']","51.6, -0.1119"
Costa Coffee,ChIJZ20dkU4adkgRWapJzD0CpC0,"51.57106, -0.14809","66 Highgate High Street, London","['cafe', 'store', 'food', 'point_of_interest', 'establishment']","51.6, -0.1119"
Asda Living Tottenham,ChIJhSaewjocdkgRySLQiP1aBoI,"51.5872527, -0.06118089999999998","Unit 4a, Tottenham Hale Retail Park, Broad Lane, London","['home_goods_store', 'cafe', 'clothing_store', 'store', 'food', 'point_of_interest', 'establishment']","51.6, -0.1119"
The Haberdashery,ChIJDW4aLcEbdkgRXponAUDais8,"51.5812225, -0.1235522","22 Middle Lane, London","['cafe', 'store', 'restaurant', 'food', 'point_of_interest', 'establishment']","51.6, -0.1119"
ArtHouse Crouch End,ChIJESKOosEbdkgRwqRUxCUwp4o,"51.5818634, -0.12003","159A Tottenham Lane, London","['movie_theater', 'cafe', 'food', 'point_of_interest', 'establishment']","51.6, -0.1119"
Aladdin's Vintage Furniture & Cafe,ChIJW7rCb7sbdkgRr9FVKm8aJ1o,"51.5695455, -0.1243871","1 Hazellville Road, London","['cafe', 'moving_company', 'storage', 'furniture_store', 'home_goods_store', 'store', 'food', 'point_of_interest', 'establishment']","51.6, -0.1119"
The Archway Tavern,ChIJvZQfDrIbdkgROCFmyEkSgcs,"51.5659627, -0.1349262","1 Navigator Square, Archway, London","['cafe', 'bar', 'food', 'point_of_interest', 'establishment']","51.6, -0.1119"
Costa Coffee,ChIJhSaewjocdkgRNporYICF_YI,"51.58758400000001, -0.063354","Unit E, Tottenham Hale Retail Park, London","['cafe', 'store', 'food', 'point_of_interest', 'establishment']","51.6, -0.1119"
Costa Coffee,ChIJHWbkG4sbdkgRJaxwruoRUXA,"51.576439, -0.097673","Unit 4C, The Arena Shopping Pa, London","['cafe', 'store', 'food', 'point_of_interest', 'establishment']","51.6, -0.1119"
Jenny's Cafe & Restaurant N10,ChIJpxBC5ywadkgRw8MU5BO1l2A,"51.5915429, -0.1430246","237 Muswell Hill Broadway, London","['cafe', 'restaurant', 'food', 'point_of_interest', 'establishment']","51.6, -0.1119"
Barista Coffee House,ChIJof-nbqQWdkgR3ockSIdXzr0,"51.6136876, -0.2755771999999999","5, Station Forecourt, Station Road, London, Edgware","['cafe', 'food', 'point_of_interest', 'store', 'establishment']","51.5898, -0.3346"
Costa Coffee,ChIJ53t0mb9sdkgRp7SGGS3tOsY,"51.578639, -0.399112","153 Field End Road, Pinner","['cafe', 'food', 'point_of_interest', 'store', 'establishment']","51.5898, -0.3346"
Caffè Nero,ChIJJ44YTaQWdkgRQ_deYMHXeUQ,"51.61307679999999, -0.2772073","Unit 2, 67-70 Station Road, Edgware","['cafe', 'restaurant', 'food', 'point_of_interest', 'store', 'establishment']","51.5898, -0.3346"
Costa Coffee,ChIJ6UsHgRgTdkgRvYUNfn72MZw,"51.5641, -0.354526","250 / 252 Northolt Road, South Harrow, Harrow","['cafe', 'food', 'point_of_interest', 'store', 'establishment']","51.5898, -0.3346"
Imperial Cafe,ChIJHQEYQDYTdkgR2fNinSsxSFg,"51.5761555, -0.3702117","238 Imperial Drive, Harrow","['cafe', 'restaurant', 'food', 'point_of_interest', 'store', 'establishment']","51.5898, -0.3346"
Sunrise Cafe,ChIJw_AmgIQUdkgRbS0bnwObugI,"51.6039171, -0.339743","343 High Road, Harrow","['cafe', 'food', 'point_of_interest', 'store', 'establishment']","51.5898, -0.3346"
Randalls Coffee House,ChIJEb3fyHUTdkgRru5BOZ-fzxE,"51.58203409999999, -0.3324514","284B Station Road, Harrow","['cafe', 'food', 'point_of_interest', 'store', 'establishment']","51.5898, -0.3346"
Costa,ChIJL7uLNGoUdkgR_Y7QrZ05W2w,"51.6172742, -0.3120828","24-26 Church Road, Stanmore","['cafe', 'food', 'point_of_interest', 'store', 'establishment']","51.5898, -0.3346"
Costa Coffee,ChIJP1sxBXcTdkgR3zMPAQDRXFY,"51.58589, -0.33413","2, Tesco, Harrow","['cafe', 'food', 'point_of_interest', 'store', 'establishment']","51.5898, -0.3346"
Red Brick Cafe,ChIJtwIAx34TdkgRIlU3RY1q7i4,"51.5943109, -0.3348485","38-40 High Street, Harrow","['cafe', 'food', 'point_of_interest', 'store', 'establishment']","51.5898, -0.3346"
Rumble Tumble Harrow Ltd,ChIJSZY6MHYTdkgR1nA_C05AU5A,"51.5850435, -0.3310073","Ground Floor, Bruce House, Lower, Sovereign Place, Harrow","['cafe', 'school', 'food', 'point_of_interest', 'establishment']","51.5898, -0.3346"
Costa Coffee,ChIJ0dRcZn4TdkgRvQUUjxDBeLo,"51.5966, -0.335204","112-114, Wealdstone, High Street, Harrow","['cafe', 'food', 'point_of_interest', 'store', 'establishment']","51.5898, -0.3346"
Costa Coffee,ChIJlSwg83MTdkgRNcjZRAj4ilY,"51.58231, -0.3366599999999999","76-80 St Anns Road, Harrow","['cafe', 'food', 'point_of_interest', 'store', 'establishment']","51.5898, -0.3346"
Mooboo,ChIJNfSRSnITdkgRLPAe0_vvYRw,"51.5815078, -0.3393113","St Georges Shopping Centre St Ann's Road, Harrow","['cafe', 'food', 'point_of_interest', 'establishment']","51.5898, -0.3346"
Bru coffee & more,ChIJ1a0KynMTdkgR51_pv8ybXmY,"51.5799485, -0.3357646","Square 1, Bond Apartments, College Road, Harrow","['cafe', 'food', 'point_of_interest', 'store', 'establishment']","51.5898, -0.3346"
Treats,ChIJKV6mKYQUdkgRpl3AQ2r-qWE,"51.58003069999999, -0.3374615","College Road, Harrow","['cafe', 'food', 'point_of_interest', 'store', 'establishment']","51.5898, -0.3346"
Caffè Nero,ChIJqbvQenMTdkgR1RYQZUPWxDs,"51.579555, -0.3368828","on the Hill Station, Station Approach, Harrow","['cafe', 'food', 'point_of_interest', 'store', 'establishment']","51.5898, -0.3346"
The Moat Cafe,ChIJTcQqA14TdkgR2y94J8Jdags,"51.59404749999999, -0.354366","Pinner View, Harrow","['cafe', 'food', 'point_of_interest', 'establishment']","51.5898, -0.3346"
Costa Coffee,ChIJq-MwhXcUdkgREpdV1LOH4AI,"51.60069999999999, -0.3180999999999999","8 Warwick Parade Kenton Lane, Harrow","['cafe', 'food', 'point_of_interest', 'store', 'establishment']","51.5898, -0.3346"
Costa Coffee,ChIJO7T_mma72EcRVfw9R8LmPiU,"51.5936, 0.21781","Bryant Avenue, Romford","['cafe', 'store', 'food', 'point_of_interest', 'establishment']","51.5812, 0.1837"
Cosy Cafe,ChIJtzrxkW672EcRLBgsFRhqyLw,"51.5841228, 0.22022","197 Ardleigh Green Road, Hornchurch","['cafe', 'food', 'point_of_interest', 'establishment']","51.5812, 0.1837"
Shell,ChIJo_iAdLuk2EcRCUZeYLzS1z0,"51.59127179999999, 0.1790432","Eastern Avenue East, Romford","['gas_station', 'car_wash', 'convenience_store', 'meal_delivery', 'cafe', 'store', 'restaurant', 'food', 'point_of_interest', 'establishment']","51.5812, 0.1837"
Costa Coffee,ChIJS-tWYEW72EcRlCS0F1vh7OM,"51.586734, 0.200045","83 Main Road, Romford","['cafe', 'store', 'food', 'point_of_interest', 'establishment']","51.5812, 0.1837"
bp,ChIJjXg--SS72EcR1hawT9fDZog,"51.5650117, 0.2036263","132 Hornchurch Road, Hornchurch","['gas_station', 'car_wash', 'atm', 'cafe', 'finance', 'food', 'point_of_interest', 'establishment']","51.5812, 0.1837"
Costa Coffee,ChIJx5DP3Wa72EcRhIJoa6pMa0k,"51.592862, 0.215658","NEXT, Gallows Corner, Gallows Corner Retail Park, Colchester Road, Romford","['cafe', 'store', 'food', 'point_of_interest', 'establishment']","51.5812, 0.1837"
ODEON Uxbridge,ChIJcZ1xXg5udkgRleINWx2c0Ls,"51.5450527, -0.4756154","302, The chimes shopping centre, Uxbridge","['movie_theater', 'cafe', 'store', 'food', 'point_of_interest', 'establishment']","51.5441, -0.476"
"The Black Horse Pub & Restaurant, Iver Heath",ChIJg_sqUEpudkgRoj4B-RQNBms,"51.5373325, -0.5156964999999999","95 Slough Road, Iver","['cafe', 'bar', 'restaurant', 'food', 'point_of_interest', 'establishment']","51.5441, -0.476"
Costa Coffee,ChIJp9CQhfVsdkgRmaAQGUbcA7w,"51.57409999999999, -0.424681","100 - 102 High Street, Ruislip","['cafe', 'store', 'food', 'point_of_interest', 'establishment']","51.5441, -0.476"
Costa Coffee,ChIJJaoEb3pudkgRMABG9GQ5kn4,"51.547418, -0.48107","51-52 High Street, Uxbridge","['cafe', 'store', 'food', 'point_of_interest', 'establishment']","51.5441, -0.476"
Pret A Manger,ChIJ-1GWDXpudkgRs8Xrtx6Lwuc,"51.5460697, -0.4808929","The Pavilions Shopping Centre, Grainge's Yard, Uxbridge","['cafe', 'bakery', 'bar', 'store', 'restaurant', 'food', 'point_of_interest', 'health', 'establishment']","51.5441, -0.476"
Village Bed & Breakfast and Cafe,ChIJK8ZpWd1tdkgRScRyhC96Hg4,"51.53536219999999, -0.4608473","105 Hillingdon Hill, Uxbridge","['cafe', 'lodging', 'food', 'point_of_interest', 'establishment']","51.5441, -0.476"
Greggs,ChIJfZzzhnpudkgRFbQ9D9qYhPM,"51.5467867, -0.4799914","148-152 High Street, Uxbridge","['bakery', 'cafe', 'store', 'restaurant', 'food', 'point_of_interest', 'establishment']","51.5441, -0.476"
Lady Marmalade Cafe,ChIJBXKnEAVudkgR3MPhEMlnx1o,"51.52251219999999, -0.4812015000000001","30 High Street, Uxbridge","['cafe', 'food', 'point_of_interest', 'establishment']","51.5441, -0.476"
Caffè Nero,ChIJzxUQVXdudkgRnqDgntTYtM0,"51.545424, -0.4766446","185-186, The chimes shopping centre, Uxbridge","['cafe', 'store', 'food', 'point_of_interest', 'establishment']","51.5441, -0.476"
Lavazza,ChIJDWBCsTgFdkgR_7fGtwNNq0c,"51.5449865, -0.4793672","5th, The Charter Building, Vine Street, Uxbridge","['cafe', 'food', 'point_of_interest', 'establishment']","51.5441, -0.476"
Starbucks Coffee,ChIJXcfJB3pudkgR1lfkcra0TZQ,"51.545742, -0.478584","High Street, Uxbridge","['cafe', 'store', 'restaurant', 'food', 'point_of_interest', 'establishment']","51.5441, -0.476"
LAB Coffee Works,ChIJN9qAn3BudkgRTka33KJsfj4,"51.54548200000001, -0.47927","The Charter Building, Charter Place, Uxbridge","['cafe', 'store', 'food', 'point_of_interest', 'establishment']","51.5441, -0.476"
Costa Coffee,ChIJK6DoDnpudkgRHHq5mB7nrKc,"51.546606, -0.4781420000000001","172 High Street, Uxbridge","['cafe', 'store', 'food', 'point_of_interest', 'establishment']","51.5441, -0.476"
Creams Cafe Uxbridge,ChIJnbBEf3ludkgRWgUXGzMapek,"51.54836719999999, -0.4778184000000001","61 Belmont Road, Uxbridge","['cafe', 'bakery', 'meal_takeaway', 'store', 'restaurant', 'food', 'point_of_interest', 'establishment']","51.5441, -0.476"
1966,ChIJcUJY8gpudkgR2bPYVpUFRcM,"51.5328974, -0.4735067000000001","Brunel University London, Kingston Lane, Uxbridge","['cafe', 'store', 'food', 'point_of_interest', 'establishment']","51.5441, -0.476"
Bertram's Café,ChIJCa3sCopudkgRB2vYszIXt6c,"51.5561294, -0.4913555000000001","95 Oxford Road, Denham, Uxbridge","['cafe', 'food', 'point_of_interest', 'establishment']","51.5441, -0.476"
Maison Du Soleil,ChIJn5uc-UhsdkgRGzNgUfaIvFE,"51.56463220000001, -0.4453297","25 Swakeleys Road, Ickenham, Uxbridge","['cafe', 'store', 'food', 'point_of_interest', 'establishment']","51.5441, -0.476"
Costa Coffee,ChIJJfssBv5xdkgRReEA_w0-7Mc,"51.515678, -0.477281","Trout Road, West Drayton","['cafe', 'store', 'food', 'point_of_interest', 'establishment']","51.5441, -0.476"
bp,ChIJ9XoVG_NudkgRWGCIpGKi3SE,"51.56826520000001, -0.5047423000000001","Oxford Road, Uxbridge","['gas_station', 'atm', 'convenience_store', 'cafe', 'finance', 'store', 'food', 'point_of_interest', 'establishment']","51.5441, -0.476"
Costa Coffee,ChIJc54p6iVudkgRebP0u-P6WVs,"51.5201824, -0.505983","High Street, Iver","['cafe', 'store', 'food', 'point_of_interest', 'establishment']","51.5441, -0.476"
Curzon Richmond,ChIJDeGlH2IMdkgRgNY8wJ-NeTM,"51.4592363, -0.3070303999999999","3 Water Lane, Richmond","['movie_theater', 'cafe', 'bar', 'food', 'point_of_interest', 'establishment']","51.4746, -0.368"
The Eel Pie,ChIJhz8jkGEMdkgRRK1tAA-1yOA,"51.4469808, -0.3265452","9-11 Church Street, Twickenham","['restaurant', 'cafe', 'bar', 'food', 'point_of_interest', 'establishment']","51.4746, -0.368"
Asda Feltham Superstore,ChIJIyBNH3JzdkgRtdilh0Fe_xI,"51.4467163, -0.4118487","Tilley Road, Feltham","['supermarket', 'cafe', 'pharmacy', 'grocery_or_supermarket', 'clothing_store', 'store', 'health', 'food', 'point_of_interest', 'establishment']","51.4746, -0.368"
Costa Coffee,ChIJlcba-W1zdkgRysRbaek6rp8,"51.4464, -0.410527","36 The Centre, Feltham","['cafe', 'store', 'food', 'point_of_interest', 'establishment']","51.4746, -0.368"
Mount Cafe,ChIJAQ6ZGlBzdkgR88N2lQidhck,"51.4402074, -0.3869331999999999","Market Parade, 11 Hampton Road West, Hanworth, Feltham","['cafe', 'food', 'point_of_interest', 'establishment']","51.4746, -0.368"
Squire’s Garden Centre,ChIJraSTrJgMdkgRPzOxp3F9wLo,"51.4354405, -0.3518239","Sixth Cross Road, Twickenham","['cafe', 'pet_store', 'store', 'food', 'point_of_interest', 'establishment']","51.4746, -0.368"
Bill's Richmond Restaurant,ChIJy24lXkcMdkgR5EaQGFhx3po,"51.4580509, -0.3054919","1-3 Hill Rise, Richmond","['cafe', 'restaurant', 'food', 'point_of_interest', 'establishment']","51.4746, -0.368"
Costa Coffee,ChIJdbtF4dkMdkgR3JlywZP43Hg,"51.46842, -0.3637400000000001","241 High Street, Hounslow","['cafe', 'store', 'food', 'point_of_interest', 'establishment']","51.4746, -0.368"
Caffe Mamma,ChIJZa9lbjEMdkgRd71BEgGhKEw,"51.4664059, -0.2974021000000001","110 Kew Road, Richmond","['cafe', 'meal_takeaway', 'restaurant', 'food', 'point_of_interest', 'establishment']","51.4746, -0.368"
Costa Coffee,ChIJK9F0eYoMdkgR30Vz1AA4D2Y,"51.447705, -0.328678","26-28 London Road, Twickenham","['cafe', 'store', 'food', 'point_of_interest', 'establishment']","51.4746, -0.368"
Islamic Integration Community Centre,ChIJexbCOCVzdkgR0KPxg8i0u8I,"51.46276229999999, -0.389633","531 Staines Road, Hounslow","['mosque', 'cafe', 'place_of_worship', 'store', 'health', 'food', 'point_of_interest', 'establishment']","51.4746, -0.368"
The Coffee Bean,ChIJReUUrsAMdkgRy-_TDOsfKZE,"51.4519645, -0.3577604","37B High Street, Twickenham","['cafe', 'store', 'food', 'point_of_interest', 'establishment']","51.4746, -0.368"
Coffee And Muffins,ChIJ2btVjdkMdkgRVe6MdK9UUpo,"51.46784390000001, -0.3629304","High Street, Hounslow","['cafe', 'store', 'food', 'point_of_interest', 'establishment']","51.4746, -0.368"
Jungle VIP,ChIJcd-RO9gMdkgReyZaDPADGx0,"51.4706512, -0.3630229","Unit 5, The Blenheim Centre, Prince Regent Road, Hounslow","['cafe', 'store', 'restaurant', 'food', 'point_of_interest', 'establishment']","51.4746, -0.368"
Wild Bean Cafe,ChIJPeDduCUNdkgRREAcTxsMsR4,"51.4788863, -0.3617814","481 Great West Road, Hounslow","['cafe', 'convenience_store', 'store', 'food', 'point_of_interest', 'establishment']","51.4746, -0.368"
bp,ChIJSXqTtSUNdkgRIPQyHfxVsq4,"51.47901999999999, -0.36188","481 Great West Road, Hounslow","['gas_station', 'cafe', 'convenience_store', 'store', 'food', 'point_of_interest', 'establishment']","51.4746, -0.368"
Caffè Nero,ChIJLxfBwdkMdkgR2SMvOaKSdQ0,"51.46853489999999, -0.3631513","231 High Street, Hounslow","['cafe', 'store', 'food', 'point_of_interest', 'establishment']","51.4746, -0.368"
Curzon Bloomsbury,ChIJxePkNjcbdkgRiaZ0HLGdLAI,"51.5241103, -0.1231058","The Brunswick Centre, London","['movie_theater', 'cafe', 'bar', 'point_of_interest', 'food', 'establishment']","51.5416, -0.1022"
The Breakfast Club Soho,ChIJX_OPq9QEdkgRwIpAEYl2RYc,"51.51474080000001, -0.135402","33 D'Arblay Street, London","['cafe', 'restaurant', 'point_of_interest', 'food', 'establishment']","51.5416, -0.1022"
Scandinavian Kitchen,ChIJ3Zw-dSobdkgRZTBgHJ61V9g,"51.5187857, -0.1408642","61 Great Titchfield Street, London","['cafe', 'grocery_or_supermarket', 'store', 'restaurant', 'point_of_interest', 'food', 'establishment']","51.5416, -0.1022"
Alfies Antique Market,ChIJqbxNFbcadkgRI0eOwkhzl4U,"51.5241255, -0.1688334","13 - 25 Church Street, London","['cafe', 'furniture_store', 'jewelry_store', 'clothing_store', 'home_goods_store', 'food', 'point_of_interest', 'store', 'establishment']","51.502, -0.1947"
Curzon Mayfair,ChIJlXAEIy8FdkgR1qaSOxyAsfc,"51.5065673, -0.1479457","38 Curzon Street, London","['movie_theater', 'cafe', 'restaurant', 'food', 'bar', 'point_of_interest', 'establishment']","51.502, -0.1947"
Brasserie Zédel,ChIJl-cjD9QEdkgRVkkQt3pySRI,"51.5105561, -0.1355974","20 Sherwood Street, London","['cafe', 'restaurant', 'food', 'bar', 'point_of_interest', 'establishment']","51.502, -0.1947"
Wetherspoons (Victoria Station),ChIJxW_IVx8FdkgRLXS07Ynr9Fs,"51.49507699999999, -0.1443459","Unit 5 (1st Floor above WHSmith), Victoria Station Concourse, London","['cafe', 'food', 'bar', 'point_of_interest', 'establishment']","51.502, -0.1947"
bp,ChIJmfQxphELdkgRVxfijNcRlEA,"51.401305, -0.3433674","Hampton Court Way, East Molesey","['gas_station', 'convenience_store', 'atm', 'cafe', 'finance', 'store', 'food', 'point_of_interest', 'establishment']","51.4085, -0.3064"
ODEON Kingston,ChIJwaMnL-oLdkgRR32ke4DYqsY,"51.41171809999999, -0.299275","The Rotunda, Clarence Street, Kingston upon Thames","['movie_theater', 'cafe', 'bar', 'store', 'food', 'point_of_interest', 'establishment']","51.4085, -0.3064"
Pembroke Lodge,ChIJX1uebBAMdkgRsXwRE25msQs,"51.4424628, -0.294509","Richmond Park, Richmond","['cafe', 'store', 'restaurant', 'food', 'point_of_interest', 'establishment']","51.4085, -0.3064"
River Cafe,ChIJScVgYecLdkgRzSPo-HVqwV4,"51.4098927, -0.2889544000000001","35 Cambridge Road, Kingston upon Thames","['cafe', 'food', 'point_of_interest', 'establishment']","51.4085, -0.3064"
Costa Coffee,ChIJZx616hIJdkgR5gQTSBM6mWo,"51.4001312, -0.2558116","123 High Street, New Malden","['cafe', 'store', 'food', 'point_of_interest', 'establishment']","51.4085, -0.3064"
YMCA Hawker,ChIJj456rvILdkgRcr0W8L74hn8,"51.42685909999999, -0.3091662","Lower Ham Road, Kingston upon Thames","['gym', 'cafe', 'health', 'food', 'point_of_interest', 'establishment']","51.4085, -0.3064"
The Terrace Eatery,ChIJAdrq478LdkgRerhcTjVIrIo,"51.4092498, -0.3058121","6A, Food for Thought, 7 apple Market, Kingston upon Thames","['cafe', 'meal_takeaway', 'restaurant', 'food', 'point_of_interest', 'establishment']","51.4085, -0.3064"
World of Golf London,ChIJw-SyDxsJdkgRMzCkeW9RHGg,"51.4042459, -0.2430694","Beverley Way, New Malden","['cafe', 'store', 'food', 'point_of_interest', 'establishment']","51.4085, -0.3064"
Starbucks Coffee,ChIJb_OuX-oLdkgRmvJjGLRW-2Q,"51.41184, -0.3056459","The Bentall Centre, Wood Street, Kingston upon Thames","['cafe', 'store', 'restaurant', 'food', 'point_of_interest', 'establishment']","51.4085, -0.3064"
Costa Coffee,ChIJu9e7Y3wLdkgRqxYAXFKD0tg,"51.4261212, -0.3370183","59-67 Broad Street, Teddington","['cafe', 'store', 'food', 'point_of_interest', 'establishment']","51.4085, -0.3064"
Costa Coffee,ChIJHUdSt7ULdkgRujs7vmkfVZs,"51.39247999999999, -0.306664","27 Victoria Road, Surbiton","['cafe', 'store', 'food', 'point_of_interest', 'establishment']","51.4085, -0.3064"
Bubbles Shisha Cafe,ChIJmboKhccLdkgR4_UzGfWMq8w,"51.40130779999999, -0.3041792","60 Surbiton Road, Kingston upon Thames","['cafe', 'restaurant', 'food', 'point_of_interest', 'establishment']","51.4085, -0.3064"
Costa Coffee,ChIJUdDfA-sLdkgR7RDoiKioli8,"51.41198499999999, -0.3044009999999999","Unit L15, The Bentall Centre, Wood Street, Kingston upon Thames","['cafe', 'store', 'food', 'point_of_interest', 'establishment']","51.4085, -0.3064"
Pickled Pantry,ChIJH4BwHMoLdkgRyKWWt7kxcdE,"51.3935299, -0.3030871000000001","7 Saint Mark's Hill, Surbiton","['cafe', 'store', 'restaurant', 'food', 'point_of_interest', 'establishment']","51.4085, -0.3064"
Boho Cafe ( Kings Road ),ChIJeY14SO4LdkgRQOpoT83ivcg,"51.418644, -0.296785","159A King's Road, Kingston upon Thames","['cafe', 'store', 'food', 'point_of_interest', 'establishment']","51.4085, -0.3064"
Hampton Pool,ChIJMWGXhkQLdkgR-rzhWT3866Y,"51.41846719999999, -0.3579816999999999","High Street, Hampton","['gym', 'cafe', 'health', 'spa', 'food', 'point_of_interest', 'establishment']","51.4085, -0.3064"
La Fontana Cafe Deli Thames Ditton,ChIJmUcZoAELdkgRRMKnPGSxXcQ,"51.39107079999999, -0.3324529","53 High Street, Thames Ditton","['cafe', 'store', 'food', 'point_of_interest', 'establishment']","51.4085, -0.3064"
Beanberry Coffee Company,ChIJ0xSX3hXYdUgRFlHiO1IVEgY,"51.4116781, -0.3029431","30B Fife Road, Kingston upon Thames","['cafe', 'store', 'food', 'point_of_interest', 'establishment']","51.4085, -0.3064"
St John's Smith Square,ChIJHT2Z5sIEdkgRjrJZLxTQEeE,"51.4959978, -0.1270108","Smith Square, London","['cafe', 'food', 'point_of_interest', 'establishment']","51.4607, -0.1163"
Asda Clapham Junction Superstore,ChIJ85Nej5gFdkgRrF88JT4V55w,"51.465371, -0.164962","204 Lavender Hill, London","['supermarket', 'atm', 'cafe', 'grocery_or_supermarket', 'clothing_store', 'finance', 'store', 'food', 'point_of_interest', 'establishment']","51.4607, -0.1163"
St Stephen's Tavern,ChIJZSfzRMQEdkgRKp5LnanZ2KM,"51.5011626, -0.1256042","10 Bridge Street, London","['restaurant', 'cafe', 'bar', 'food', 'point_of_interest', 'establishment']","51.4607, -0.1163"
ODEON Streatham,ChIJg4Yu3icEdkgRMNxJdQaYbq4,"51.4321656, -0.1286103","47-49 High Road, London","['movie_theater', 'cafe', 'store', 'food', 'point_of_interest', 'establishment']","51.4607, -0.1163"
Dulwich Picture Gallery,ChIJE_hdXfEDdkgR09Yvt9rEzmI,"51.44606219999999, -0.08632889999999999",London,"['art_gallery', 'tourist_attraction', 'cafe', 'museum', 'park', 'store', 'food', 'point_of_interest', 'establishment']","51.4607, -0.1163"
Dogstar,ChIJ9xwiu2gEdkgRQdTDjYN8JJA,"51.46172189999999, -0.1118848","389 Coldharbour Lane, London","['cafe', 'night_club', 'bar', 'food', 'point_of_interest', 'establishment']","51.4607, -0.1163"
Cubana Restaurant Waterloo,ChIJGyPR07sEdkgRN3s3cjSLW6M,"51.5015329, -0.1108987","48 Lower Marsh, London","['cafe', 'bar', 'restaurant', 'food', 'point_of_interest', 'establishment']","51.4607, -0.1163"
Morleys Brixton,ChIJAftwdWgEdkgRDPYnGF3s9f4,"51.46257139999999, -0.1153399","472-488 Brixton Road, London","['department_store', 'cafe', 'clothing_store', 'home_goods_store', 'store', 'food', 'point_of_interest', 'establishment']","51.4607, -0.1163"
The Lido Cafe (Now 400 Rabbits),ChIJN51raG0EdkgROK3vBjuxJck,"51.4532779, -0.1060916","the lido cafe, Dulwich Road, London","['cafe', 'bar', 'store', 'restaurant', 'food', 'point_of_interest', 'establishment']","51.4607, -0.1163"
Tooting Bec Lido,ChIJDwXOmSoEdkgREfR5pN08ZQQ,"51.4318299, -0.1391134","Tooting Bec Road, London","['tourist_attraction', 'cafe', 'food', 'point_of_interest', 'establishment']","51.4607, -0.1163"
Tea House Theatre,ChIJax3jfOwEdkgR3RsIaxaC1jY,"51.488156, -0.120666","139 Vauxhall Walk, London","['cafe', 'food', 'point_of_interest', 'establishment']","51.4607, -0.1163"
Starbucks Coffee,ChIJbd6czrkEdkgRKdoEMZIkaew,"51.50201789999999, -0.1176771","Belvedere Road, London","['cafe', 'store', 'restaurant', 'food', 'point_of_interest', 'establishment']","51.4607, -0.1163"
Dulwich Leisure Centre,ChIJDXtKlpcDdkgRF_OPuRrt-Ck,"51.46062200000001, -0.07158070000000001","2B Crystal Palace Road, London","['gym', 'cafe', 'school', 'health', 'food', 'point_of_interest', 'establishment']","51.4607, -0.1163"
Daylesford Organic,ChIJX92EbRcFdkgRPU6CXdRjnVs,"51.4906755, -0.1535149","44B Pimlico Road, London","['cafe', 'grocery_or_supermarket', 'meal_takeaway', 'store', 'restaurant', 'food', 'point_of_interest', 'establishment']","51.4607, -0.1163"
Patisserie Valerie - Victoria,ChIJSdA7-h8FdkgR9nTOVJDTqZk,"51.4935156, -0.1412834","55 Wilton Road, London","['cafe', 'bakery', 'store', 'restaurant', 'food', 'point_of_interest', 'establishment']","51.4607, -0.1163"
The CLF Art Cafe,ChIJw5JOrqEDdkgR8jrY7ozawT4,"51.46983109999999, -0.0681801","Block A, Bussey Building, 133 Rye Lane, London","['night_club', 'cafe', 'food', 'point_of_interest', 'establishment']","51.4452, -0.0209"
Ellary's,ChIJK-v5lloCdkgRMVYl1g_Y4qc,"51.4637915, -0.0356064","5 Harefield Road, London","['restaurant', 'bar', 'cafe', 'food', 'point_of_interest', 'establishment']","51.4452, -0.0209"
Horniman Cafe,ChIJSzwgydoDdkgRF5_0mPScfKI,"51.4412058, -0.06137260000000001","100 London Road, London","['cafe', 'restaurant', 'food', 'point_of_interest', 'establishment']","51.4452, -0.0209"
Boulangerie Jade,ChIJoz8ictGp2EcRb6INVGu4Go8,"51.4665779, 0.008105199999999998","44 Tranquil Vale, London","['bakery', 'cafe', 'food', 'store', 'point_of_interest', 'establishment']","51.4452, -0.0209"
Pistachios in the Park,ChIJGcoXH9yp2EcRqUMWKcxcW4g,"51.4571691, 0.0050104","Manor House Gardens, Old Road, London","['cafe', 'food', 'store', 'point_of_interest', 'establishment']","51.4452, -0.0209"
Café Crofton Park,ChIJq0qaWEgCdkgRqtHnCUcxVcU,"51.4544949, -0.03729200000000001","397 Brockley Road, London","['cafe', 'food', 'point_of_interest', 'establishment']","51.4452, -0.0209"
kings cafe,ChIJ9UUVIYkBdkgRt0sHpEdJ4Qc,"51.4255948, -0.0322499","Unit D, Worsley Bridge Road","['cafe', 'food', 'point_of_interest', 'establishment']","51.4452, -0.0209"
Sema's Cafe,ChIJXcm6CiUCdkgRQjo5Urxb9BA,"51.43878720000001, -0.0333379","Saint Georges Parade, Perry Hill, London","['cafe', 'meal_takeaway', 'restaurant', 'food', 'store', 'point_of_interest', 'establishment']","51.4452, -0.0209"
Chefs Delight,ChIJNZNZ0H4BdkgRblDRPC5idc8,"51.4262618, -0.05103079999999999","69 Sydenham Road, London","['cafe', 'restaurant', 'food', 'point_of_interest', 'establishment']","51.4452, -0.0209"
Parkside Cafe,ChIJJ19D5rgDdkgRhkTd_njStfQ,"51.454005, -0.062735","12 Forest Hill Road, London","['cafe', 'food', 'point_of_interest', 'establishment']","51.4452, -0.0209"
Costa Coffee,ChIJOdUCQRYCdkgRKx5l8kGogX8,"51.44520300000001, -0.021762","14 - 15 Catford Broadway, London","['cafe', 'food', 'store', 'point_of_interest', 'establishment']","51.4452, -0.0209"
Costa Coffee,ChIJZ1fdBBQCdkgRhnl1AwRFDbI,"51.447322, -0.018122","103, 105 Rushey Green, London","['cafe', 'food', 'store', 'point_of_interest', 'establishment']","51.4452, -0.0209"
Nes's Cafe,ChIJrz7TZBMCdkgRmLxgi1BG_rc,"51.4500797, -0.0173503","18 Rushey Green, London","['cafe', 'food', 'point_of_interest', 'establishment']","51.4452, -0.0209"
Good Hope Cafe,ChIJqexGu2sCdkgR4jwoIjFKOUo,"51.4553097, -0.0195469","Ladywell Fields, Ladywell Road, London","['cafe', 'food', 'point_of_interest', 'establishment']","51.4452, -0.0209"
PLACE/Ladywell,ChIJA9X72m0CdkgRp6HAnloKEM4,"51.4565417, -0.0137164","261 Lewisham High Street, London","['cafe', 'food', 'point_of_interest', 'establishment']","51.4452, -0.0209"
ODEON Wimbledon,ChIJA_jO-LkIdkgR_g-lQLTjVaI,"51.4198702, -0.2048484","39 The Broadway, The Crescent, London","['movie_theater', 'cafe', 'food', 'store', 'point_of_interest', 'establishment']","51.4014, -0.1958"
Tooting Leisure Centre,ChIJY-3mSQgGdkgRBoyXGJsWzE4,"51.4291799, -0.173911","Greaves Place, London","['cafe', 'gym', 'health', 'food', 'point_of_interest', 'establishment']","51.4014, -0.1958"
Asda Sutton Superstore,ChIJLWiUWwwIdkgR7muHEgZ1uuY,"51.36784899999999, -0.19524","Saint Nicholas Way, Sutton","['supermarket', 'atm', 'grocery_or_supermarket', 'cafe', 'pharmacy', 'clothing_store', 'health', 'finance', 'food', 'store', 'point_of_interest', 'establishment']","51.4014, -0.1958"
The Terrace Wimbledon,ChIJOefptrAIdkgRhBKcsjYQvEc,"51.42095399999999, -0.205576","Centre Court Shopping Centre, 4 Queen's Road, London","['bar', 'night_club', 'cafe', 'restaurant', 'food', 'point_of_interest', 'establishment']","51.4014, -0.1958"
David Weir Leisure Centre,ChIJecUJs80HdkgRz-l70EvENTI,"51.38414059999999, -0.1813958","Middleton Road, Carshalton","['gym', 'cafe', 'health', 'food', 'point_of_interest', 'establishment']","51.4014, -0.1958"
Caffè Nero,ChIJjeS8qrAIdkgRMJ5MCcaUWXw,"51.4204569, -0.2046726","6 The Broadway, London","['cafe', 'food', 'store', 'point_of_interest', 'establishment']","51.4014, -0.1958"
Caffè Nero,ChIJbSNVFQkIdkgRYeLaqxil9lA,"51.36110559999999, -0.1918286","Unit 1, Old House Inn, 2 Carshalton Road, Sutton","['cafe', 'restaurant', 'food', 'store', 'point_of_interest', 'establishment']","51.4014, -0.1958"
Wimbledon Guild,ChIJy-C0ALgIdkgRu7TgS9ZnQ14,"51.42013559999999, -0.2107267","Guild House, 30-32 Worple Road, London","['cafe', 'food', 'point_of_interest', 'establishment']","51.4014, -0.1958"
Lime & Thyme,ChIJRxWfnuAIdkgR4AW4M5GKFMM,"51.4095306, -0.2312848","56 Coombe Lane, London","['cafe', 'restaurant', 'food', 'point_of_interest', 'establishment']","51.4014, -0.1958"
Bill's Wimbledon Restaurant,ChIJ-UPH97kIdkgRB40ehyBjmZQ,"51.4196726, -0.2051368","20 Hartfield Road, London","['cafe', 'restaurant', 'food', 'point_of_interest', 'establishment']","51.4014, -0.1958"
Haydons Cafe London,ChIJuwqzyqsIdkgRpoz1ON1_2iE,"51.4270986, -0.1905921","341 Haydons Road, London","['cafe', 'food', 'point_of_interest', 'establishment']","51.4014, -0.1958"
Green Lane Kebab,ChIJ4b2blYcIdkgRN7q5OhZUlsw,"51.38982129999999, -0.1965553","135 Green Lane, Morden","['cafe', 'restaurant', 'food', 'point_of_interest', 'establishment']","51.4014, -0.1958"
Peabodys Coffee,ChIJ0zENkQgGdkgRm-DCZtG-hBs,"51.42708570000001, -0.1745464","17 Cranmer Terrace, London","['cafe', 'food', 'store', 'point_of_interest', 'establishment']","51.4014, -0.1958"
Fellow Foodies,ChIJK5C2B5sIdkgRPYxzYAJTH_c,"51.4019078, -0.1955118","8 Crown Lane, Morden","['cafe', 'food', 'store', 'point_of_interest', 'establishment']","51.4014, -0.1958"
Potting Shed Cafe,ChIJqYE3dJ0IdkgRsz47R9F0_ok,"51.401595, -0.1890944","21 Morden Hall Road, Morden","['cafe', 'food', 'point_of_interest', 'establishment']","51.4014, -0.1958"
River Side Cafe,ChIJ04a8nC8GdkgRyd31KEYNwqM,"51.3986135, -0.178161","Ravensbury Lane Ravensbury Park Surrey, Morden Road, Mitcham","['cafe', 'food', 'point_of_interest', 'establishment']","51.4014, -0.1958"
Shell,ChIJuxKjy-wIdkgRpi159ICyBpg,"51.4035569, -0.21375","262 Martin Way, London","['gas_station', 'car_wash', 'meal_delivery', 'convenience_store', 'cafe', 'restaurant', 'food', 'store', 'point_of_interest', 'establishment']","51.4014, -0.1958"
Asda Isle of Dogs Superstore,ChIJybbuY70CdkgRUHsmvZmOFzc,"51.494393, -0.01185","151 East Ferry Road, London","['supermarket', 'gas_station', 'atm', 'grocery_or_supermarket', 'cafe', 'clothing_store', 'store', 'health', 'finance', 'food', 'point_of_interest', 'establishment']","51.5077, 0.0469"
Hazev Restaurant Canary Wharf,ChIJLXBTwcgCdkgR5FgC61B3ZT0,"51.50152689999999, -0.0192563","Discovery Dock Apartments West, 2 South Quay Square, London","['restaurant', 'cafe', 'bar', 'store', 'food', 'point_of_interest', 'establishment']","51.5077, 0.0469"
Obicà,ChIJu3FPl7kCdkgRtMYFqqT6UY0,"51.50263820000001, -0.0202284","Unit 1, 35 Bank Street, London","['cafe', 'bar', 'restaurant', 'food', 'point_of_interest', 'establishment']","51.5077, 0.0469"
The Pantry Cafe,ChIJoz22NWAddkgRh0HB_La4szg,"51.5383805, -0.0011377","357 High Street, London","['cafe', 'meal_takeaway', 'restaurant', 'food', 'point_of_interest', 'establishment']","51.5077, 0.0469"
Brera,ChIJNwQDkrcCdkgRerSoP50cAmA,"51.50514709999999, -0.0221038","Unit 12, 15 Cabot Square, London","['cafe', 'store', 'restaurant', 'food', 'point_of_interest', 'establishment']","51.5077, 0.0469"
Excel Cafe,ChIJmTLoknSo2EcRHzYRYVAE7j4,"51.5109753, 0.0255389","27 Freemasons Road, London","['cafe', 'food', 'point_of_interest', 'establishment']","51.5077, 0.0469"
Caffè Nero,ChIJ6YpqxIio2EcRVni6XBMBMw0,"51.5039858, 0.04981919999999999","City Airport Airside, London","['cafe', 'store', 'food', 'point_of_interest', 'establishment']","51.5077, 0.0469"
Costa Coffee London City Airport,ChIJCXdzbIio2EcRqujBaCOBc58,"51.5033146, 0.04941129999999999","Costa at DLR Station London City Airport King George V Dock, London","['cafe', 'store', 'food', 'point_of_interest', 'establishment']","51.5077, 0.0469"
Cafe Bonnane,ChIJu6FcD2Wo2EcRA42HqMy1oHs,"51.5022324, 0.0374454","14 Booth Road, London","['cafe', 'restaurant', 'food', 'point_of_interest', 'establishment']","51.5077, 0.0469"
Starbucks Royal Wharf,ChIJaT-R9W6o2EcRSvDjYfrn94s,"51.5018187, 0.0310678","5 Halyard Place, London","['cafe', 'store', 'restaurant', 'food', 'point_of_interest', 'establishment']","51.5077, 0.0469"
Costa Coffee Ilford 1,ChIJN3JLI4um2EcR5iZqsLpa0Z0,"51.5602045, 0.0724103","Unit 75, The Exchange Shopping Centre, Ilford","['cafe', 'food', 'store', 'point_of_interest', 'establishment']","51.559, 0.0741"
Belgique Wanstead Cafe,ChIJPwudVBSn2EcRhzNBCvR7L5A,"51.575069, 0.026112","29 Cambridge Park, London","['cafe', 'bakery', 'meal_takeaway', 'restaurant', 'food', 'store', 'point_of_interest', 'establishment']","51.559, 0.0741"
The Larder,ChIJDTQSkj-n2EcRc1kh3WfRaVs,"51.5792135, 0.0253101","39 High Street, London","['cafe', 'bar', 'restaurant', 'food', 'store', 'point_of_interest', 'establishment']","51.559, 0.0741"
Costa Coffee Express,ChIJj8ufMh6n2EcR662cdmhBX20,"51.5757285, 0.0463235","Studley Drive, Ilford","['cafe', 'food', 'store', 'point_of_interest', 'establishment']","51.559, 0.0741"
Shell,ChIJqSBDEGum2EcR6tHzyCyhR7Y,"51.537647, 0.07150800000000002","London Road, Barking","['gas_station', 'cafe', 'meal_delivery', 'convenience_store', 'restaurant', 'food', 'store', 'point_of_interest', 'establishment']","51.559, 0.0741"
Eclipse Ilford,ChIJM0ZzmPSm2EcRBEPij_qryKE,"51.5617152, 0.06915639999999999","104-106 Cranbrook Road, Ilford, London","['store', 'cafe', 'restaurant', 'food', 'point_of_interest', 'establishment']","51.559, 0.0741"
Maison Fraise Patisserie,ChIJM5f4DrCm2EcRnYa2b1HfH7E,"51.589674, 0.08185400000000001","50 High Street, Ilford","['cafe', 'bakery', 'food', 'store', 'point_of_interest', 'establishment']","51.559, 0.0741"
Creams Cafe Ilford,ChIJy4j-74qm2EcRGNpa431dFWc,"51.5591394, 0.07269529999999999","114 High Road, Ilford","['cafe', 'bakery', 'meal_takeaway', 'restaurant', 'food', 'store', 'point_of_interest', 'establishment']","51.559, 0.0741"
Starbucks Coffee,ChIJEd8EwYqm2EcRJjyogO7SWAw,"51.55858199999999, 0.07182120000000002","88 High Road, Ilford","['cafe', 'restaurant', 'food', 'store', 'point_of_interest', 'establishment']","51.559, 0.0741"
Grounded Coffee,ChIJ8_Lsm4qm2EcRGM-EMCaSo74,"51.557503, 0.0728138","Clements Road, Ilford","['cafe', 'food', 'store', 'point_of_interest', 'establishment']","51.559, 0.0741"
Costa Coffee,ChIJ12YzRlqn2EcR3A5TYvd05wI,"51.5593427, 0.07046160000000003","24 Cranbrook Road, Ilford","['cafe', 'food', 'store', 'point_of_interest', 'establishment']","51.559, 0.0741"
Coffeelink Ltd,ChIJYcRuMPWm2EcRd-XRa1AwQcc,"51.55891459999999, 0.06987230000000001","Cranbrook Road, Ilford","['cafe', 'food', 'store', 'point_of_interest', 'establishment']","51.559, 0.0741"
Coffee Bar Solution,ChIJF3AiPIam2EcR-KN2CZY0Juo,"51.5607447, 0.08339059999999998","344, 348 High Road, Ilford","['cafe', 'food', 'store', 'point_of_interest', 'establishment']","51.559, 0.0741"
Aladdins,ChIJf4ErFoam2EcRreA26_Sdh-Y,"51.5610623, 0.08437219999999998","374 High Road, Ilford","['cafe', 'night_club', 'bar', 'restaurant', 'food', 'store', 'point_of_interest', 'establishment']","51.559, 0.0741"
BAZA Lounge,ChIJHaZ6nYWm2EcRx-iyKItElTQ,"51.5649071, 0.0831798","361 Ley Street, Ilford","['cafe', 'night_club', 'bar', 'restaurant', 'food', 'point_of_interest', 'establishment']","51.559, 0.0741"
Wild Bean Cafe,ChIJVZb9WJem2EcRla_onRq5eyg,"51.57417109999999, 0.08551729999999998","709 Eastern Avenue, Ilford","['cafe', 'convenience_store', 'food', 'store', 'point_of_interest', 'establishment']","51.559, 0.0741"
Creams Cafe Gants Hill,ChIJPzpUNuqm2EcRavk1UJjThpk,"51.5759246, 0.0658648","549 Cranbrook Road, Ilford","['cafe', 'bakery', 'meal_takeaway', 'restaurant', 'food', 'store', 'point_of_interest', 'establishment']","51.559, 0.0741"
Costa Coffee,ChIJwYdchW2m2EcRBp_sozX_MkI,"51.5392638, 0.08158839999999999","62-64 Station Parade, Barking","['cafe', 'food', 'store', 'point_of_interest', 'establishment']","51.559, 0.0741"
Wanstead Tea Hut,ChIJoWxtZAOn2EcRpGA78aECnUM,"51.56584140000001, 0.04156290000000001","Wanstead Park Avenue, London","['cafe', 'food', 'point_of_interest', 'establishment']","51.559, 0.0741"
Caffe Latte,ChIJZc1bEW2m2EcRwDOBRHbKGSM,"51.53770429999999, 0.080384","2, The Vicarage Field Shopping Centre, Ripple Road, Barking","['cafe', 'food', 'point_of_interest', 'establishment']","51.559, 0.0741"
Old Deer Park Sports Grounds,ChIJYyPrTjIMdkgRYBqBQgaXFcE,"51.46879569999999, -0.2952569","187 Kew Road, Richmond","['cafe', 'bar', 'food', 'point_of_interest', 'establishment']","51.4479, -0.326"
Richmond Hill Bakery,ChIJf2e1XjwMdkgRsH8lu5br1b8,"51.4554742, -0.2964462999999999","54 Friars Stile Road, Richmond","['bakery', 'cafe', 'store', 'food', 'point_of_interest', 'establishment']","51.4479, -0.326"
Caffè Nero,ChIJ0e_s944OdkgReH3-c028zfU,"51.4648632, -0.2663235","248 Upper Richmond Road West, London","['cafe', 'store', 'food', 'point_of_interest', 'establishment']","51.4479, -0.326"
ODEON Surrey Quays,ChIJGTY0qN8CdkgR5fzIXjzgJsY,"51.4959322, -0.0447721","Surrey Quays Leisure Park, Redriff Road, London","['movie_theater', 'cafe', 'food', 'store', 'point_of_interest', 'establishment']","51.5035, -0.0804"
Costa Coffee,ChIJ3V_1-MbidUgRKnza7RnyTpo,"51.3227081, -0.201561","61 High Street, Banstead","['cafe', 'point_of_interest', 'food', 'store', 'establishment']","51.3618, -0.1945"
Flittons Nursery,ChIJsQCnomT9dUgRbpaOxqHGFws,"51.3417749, -0.1522915","51 Woodmansterne Lane, Wallington","['cafe', 'point_of_interest', 'food', 'store', 'establishment']","51.3618, -0.1945"
Caffé Kiko,ChIJ3-SZZwwIdkgR_4phuZcAWvI,"51.3648995, -0.1945383","Saint Nicholas Way, Sutton","['cafe', 'restaurant', 'point_of_interest', 'food', 'store', 'establishment']","51.3618, -0.1945"
Sunshine Cafe,ChIJz0JFS8EHdkgRl5cZijpgKfw,"51.3722396, -0.1673275","10 Green Wrythe Lane, Carshalton","['cafe', 'restaurant', 'point_of_interest', 'food', 'store', 'establishment']","51.3618, -0.1945"
Esquires Coffee Sutton,ChIJ3-SZZwwIdkgRCwsQ98WNxFQ,"51.3641762, -0.1944799","St Nicholas Shopping Centre, Saint Nicholas Way, Surrey","['cafe', 'point_of_interest', 'food', 'store', 'establishment']","51.3618, -0.1945"
Wallington Garden Cafe,ChIJZ7rgqZoHdkgRh59XESRXBXE,"51.3577778, -0.1508333","Shotfield, Wallington","['cafe', 'point_of_interest', 'food', 'establishment']","51.3618, -0.1945"
Tim's Cafe,ChIJjxNEwAwIdkgRvz0uvXK9PCE,"51.366647, -0.194299","222 High Street, Sutton","['cafe', 'point_of_interest', 'food', 'establishment']","51.3618, -0.1945"
bp,ChIJ86-o_D4IdkgRoCuRpKIaTuc,"51.36492149999999, -0.2140791","95 Saint Dunstan's Hill, Sutton","['gas_station', 'atm', 'car_wash', 'cafe', 'finance', 'point_of_interest', 'food', 'establishment']","51.3618, -0.1945"
Mad Coffee Bar,ChIJy2liMuAHdkgRUddkgpoIOyo,"51.3654159, -0.186392","61 Lind Road, Sutton","['cafe', 'bar', 'restaurant', 'point_of_interest', 'food', 'store', 'establishment']","51.3618, -0.1945"
Waterstones,ChIJqcVTUgkIdkgRa80TYAgELKg,"51.36217499999999, -0.1926833","71-81 High Street, Sutton","['book_store', 'cafe', 'point_of_interest', 'food', 'store', 'establishment']","51.3618, -0.1945"
Morrisons Cafe,ChIJr3p7MgkIdkgROhJz10pp90A,"51.36019, -0.193252","31 High Street, Sutton","['cafe', 'restaurant', 'point_of_interest', 'food', 'establishment']","51.3618, -0.1945"
Caffè Nero,ChIJIz0pCQwIdkgROVBxRaeK2ng,"51.36368390000001, -0.1935285","121 High Street, Sutton","['cafe', 'point_of_interest', 'food', 'store', 'establishment']","51.3618, -0.1945"
Starbucks Coffee,ChIJSf7dcAwIdkgRKbQU9RvyMKI,"51.36521, -0.1937121","174 High Street, Sutton","['cafe', 'restaurant', 'point_of_interest', 'food', 'store', 'establishment']","51.3618, -0.1945"
Costa Coffee,ChIJQ59NkwwIdkgRbQCnOfhSM4U,"51.36530699999999, -0.19354","176 High Street, Sutton","['cafe', 'point_of_interest', 'food', 'store', 'establishment']","51.3618, -0.1945"
Simplicity,ChIJ1TyuKCQDdkgRAppmutCfbRs,"51.5012858, -0.0531121","1 Tunnel Road, London","['cafe', 'restaurant', 'food', 'point_of_interest', 'establishment']","51.5099, -0.0059"
Le Pont de la Tour,ChIJT1ILM0YDdkgRw6emjIQI8Yo,"51.50365310000001, -0.07365070000000001","36D Shad Thames, London","['cafe', 'bakery', 'bar', 'restaurant', 'food', 'store', 'point_of_interest', 'establishment']","51.5099, -0.0059"
The View Tube,ChIJv8B2u0IddkgRjIK85FjXUYU,"51.5353556, -0.0130833","The Greenway, View Tube, Marshgate Lane, London","['cafe', 'food', 'point_of_interest', 'establishment']","51.5099, -0.0059"
Pavilion Cafe Victoria Park,ChIJa71iSSIddkgRjPNFBoYqrKk,"51.5334069, -0.0428899","Victoria Park, Old Ford Road, London","['cafe', 'bakery', 'restaurant', 'food', 'store', 'point_of_interest', 'establishment']","51.5099, -0.0059"
Shell,ChIJf_6vRkAddkgRoR-Ap_yqf_o,"51.5345797, -0.021605","445-453 Wick Lane, London","['gas_station', 'cafe', 'meal_delivery', 'convenience_store', 'restaurant', 'food', 'store', 'point_of_interest', 'establishment']","51.5099, -0.0059"
ODEON South Woodford,ChIJXcOgBUqn2EcR84PBIuKi4_s,"51.5945214, 0.0230187","60, 64 High Road, London","['movie_theater', 'cafe', 'food', 'point_of_interest', 'store', 'establishment']","51.5908, -0.0134"
Belgique Cafe and Patisserie,ChIJGUZfuc-g2EcRrRXzDZWL9Lw,"51.6079617, 0.0334775","11 The Broadway, London, Woodford Green","['cafe', 'bakery', 'meal_takeaway', 'restaurant', 'food', 'point_of_interest', 'store', 'establishment']","51.5908, -0.0134"
Asda Leyton Mills Superstore,ChIJlWhAincddkgR87RNcakMHdQ,"51.55589649999999, -0.009331099999999998","Marshall Road, London","['supermarket', 'pharmacy', 'grocery_or_supermarket', 'cafe', 'clothing_store', 'health', 'food', 'point_of_interest', 'store', 'establishment']","51.5908, -0.0134"
Johnstons,ChIJ2wYPfY0ddkgRQsBJX1CUNFM,"51.5755472, -0.0123824","626 Lea Bridge Road, London","['cafe', 'food', 'point_of_interest', 'establishment']","51.5908, -0.0134"
Venerdi,ChIJMRFIgAEddkgRoqhAIJaheJk,"51.55192419999999, -0.0441495","9 Chatsworth Road, London","['cafe', 'bar', 'meal_takeaway', 'restaurant', 'food', 'point_of_interest', 'establishment']","51.5908, -0.0134"
Caffè Nero,ChIJQxNhRIOg2EcR3KuetzFDPXk,"51.63162550000001, 0.004889300000000001","65 Station Road, London","['cafe', 'food', 'point_of_interest', 'store', 'establishment']","51.5908, -0.0134"
Moonlight Cafe,ChIJwzS8DPcddkgRV0Xaa0OjkdA,"51.58749340000001, -0.003510399999999999","143 Wood Street, London","['cafe', 'food', 'point_of_interest', 'store', 'establishment']","51.5908, -0.0134"
Le Parisien,ChIJk7ikJmWn2EcR2TnEP9cy6K4,"51.5684249, 0.008648300000000001","Leytonstone Station, Church Lane, London","['cafe', 'food', 'point_of_interest', 'establishment']","51.5908, -0.0134"
Casa 05 wood street,ChIJ7eWg6fkddkgRKOGuzHwL6Lw,"51.58946710000001, -0.0044935","1, Golden Parade, Wood Street, London","['cafe', 'food', 'point_of_interest', 'establishment']","51.5908, -0.0134"
CAFE VIVALDI,ChIJp7syk4Sg2EcRwwXRCW6vfQU,"51.6324703, 0.007398600000000001","117 Station Road, London","['cafe', 'food', 'point_of_interest', 'establishment']","51.5908, -0.0134"
Shell,ChIJz3EuvAIedkgRaKKg_uf2qHM,"51.608998, -0.001241","470 Larkshall Road, London","['gas_station', 'car_wash', 'meal_delivery', 'convenience_store', 'cafe', 'restaurant', 'food', 'point_of_interest', 'store', 'establishment']","51.5908, -0.0134"
Markfield Park Cafe,ChIJ9WFPpTkcdkgRUJc7GHtk2Gw,"51.5816568, -0.0612767","Markfield Road, London","['cafe', 'food', 'point_of_interest', 'store', 'establishment']","51.5908, -0.0134"
Elif kitchen cafe&bistro,ChIJNUg6PYEedkgRtkyZnwCpPyc,"51.6021997, -0.0514052","1, 7 Garman Road, London","['cafe', 'food', 'point_of_interest', 'establishment']","51.5908, -0.0134"
Buhler and Co (Brunch/Lunch/Coffee shop),ChIJWVh62uUddkgRb4L4RF5Ht_M,"51.5905938, -0.0170676","8 Chingford Road, London","['cafe', 'restaurant', 'food', 'point_of_interest', 'store', 'establishment']","51.5908, -0.0134"
Jack's at the Junction,ChIJ3-4QRpgFdkgR7Ufu_ZL5qMg,"51.4640078, -0.1664803","252 Lavender Hill, London","['cafe', 'store', 'restaurant', 'food', 'point_of_interest', 'establishment']","51.4567, -0.191"
Pottery Cafe,ChIJk6UKjpwPdkgRCuZJf5s7aos,"51.47686, -0.2024469","735 Fulham Road, London","['cafe', 'store', 'food', 'point_of_interest', 'establishment']","51.4567, -0.191"
GAIL's Bakery Northcote Road,ChIJeyNpaJYFdkgRzUn4MrNtQyw,"51.458499, -0.1662769","64 Northcote Road, London","['bakery', 'meal_delivery', 'cafe', 'store', 'restaurant', 'food', 'point_of_interest', 'establishment']","51.4567, -0.191"
The Kensington Creperie,ChIJmeHbYUIFdkgRjx3BnN1Qvk8,"51.4947729, -0.173204","2-4 Exhibition Road, London","['cafe', 'store', 'restaurant', 'food', 'point_of_interest', 'establishment']","51.4567, -0.191"
GAZETTE BATTERSEA,ChIJHSvImYYFdkgRp4X4Jsv1rqI,"51.46581080000001, -0.1822525","Unit 79, Sherwood Court, Chatfield Road, London","['cafe', 'bar', 'restaurant', 'food', 'point_of_interest', 'establishment']","51.4567, -0.191"
